date,cust_email,cust_location,product_id,product_quantity
2020-01-01,sta@aol.com,26411,SAGBKSXJQ823,1
2020-01-01,sta@aol.com,26411,9RAJHQ1LJNJZ,1
2020-01-01,vuav@aol.com,90390,D3SE2ICOBUUX,2
2020-01-01,yot@mail.com,65486,T7WODVY8NZ83,2
2020-01-01,smaush@hotmail.com,35737,K6Z0MVSHRT0P,3
2020-01-02,syl@yahoo.com,78956,EIR1GI18SCKV,1
2020-01-02,trysk@msn.com,75462,J7TNUQBVIWQN,2
2020-01-02,trysk@msn.com,75462,W6SZ0O9YPD3A,1
2020-01-02,mang@hotmail.com,65158,2AO0IKYFTPLF,4
2020-01-03,shao@yahoo.com,42807,M10AZ24YHBQA,1
2020-01-03,fring@yahoo.com,83918,VZV3EGSCXYGL,2
2020-01-03,gloa@gmail.com,46716,AYHNNZI2NIZM,5
2020-01-03,gloa@gmail.com,46716,O8SU8JPFOXF1,1
2020-01-03,gloa@gmail.com,46716,QAX20W1DT4BK,1
2020-01-03,guss@gmail.com,68882,9Z8O0K7J4LO1,1
2020-01-03,guss@gmail.com,68882,BIB2OYVDJWB7,1
2020-01-03,tual@yahoo.com,35668,6VL53WS98MB2,1
2020-01-03,cry@msn.com,78593,CC3INBK1B1MH,1
2020-01-03,tro@outlook.com,82919,Y2TLK2XMWQ21,2
2020-01-03,tro@outlook.com,82919,UFTVPKL293XQ,1
2020-01-03,bia@yahoo.com,68170,7Q8K11OKCPAH,1
2020-01-04,hiur@live.com,69036,K49GCJ660XUS,3
2020-01-04,stoi@aol.com,57205,VBRY385OW2ND,1
2020-01-04,wiuft@hotmail.com,96781,AEPE5S6K8QLF,2
2020-01-04,hey@hotmail.com,75611,W3ZPCC9S3G1N,2
2020-01-05,glesp@aol.com,25212,505Z75VBJ519,1
2020-01-05,glesp@aol.com,25212,6FF293ZBQKPU,1
2020-01-05,me@live.com,83516,E5TCTWEILOLR,5
2020-01-05,me@live.com,83516,WRZZ5YJ5FU5V,1
2020-01-05,chow@live.com,90061,LMCQHFXPZT37,1
2020-01-06,pluift@gmail.com,31780,MCMZO114CA8Z,2
2020-01-06,pu@outlook.com,80487,9CWVUM7IA5C7,1
2020-01-06,pu@outlook.com,80487,JM6PDGOWD1CO,2
2020-01-06,pu@outlook.com,80487,UOEX00S0EQX1,2
2020-01-07,stiesp@gmail.com,30347,NWB8418YWKFO,1
2020-01-07,stoess@gmail.com,43247,NQKOICS7ZKU2,1
2020-01-07,bo@inbox.com,22585,VZ4UYRE3D0L0,2
2020-01-07,saov@yahoo.com,26411,XCQ1X0TUG27F,2
2020-01-07,hi@live.com,66006,8713ECNTCGV0,1
2020-01-07,chi@hotmail.com,51585,4JG7WCG4L9XJ,1
2020-01-08,jaa@yahoo.com,19883,ZLZ3B2ACPCJV,1
2020-01-08,jaa@yahoo.com,19883,438OW6TUQSH0,3
2020-01-08,jaa@yahoo.com,19883,A97EAU4J49NN,1
2020-01-08,jaa@yahoo.com,19883,36ICZ6DAPRAP,2
2020-01-08,teash@outlook.com,53203,LWZ95RCKKFK3,1
2020-01-08,glui@gmail.com,48490,LXTJEWHCJN2R,1
2020-01-08,sie@msn.com,42855,S3LHJEBL74E2,1
2020-01-08,sie@msn.com,42855,5RH5S1JANO00,1
2020-01-08,sie@msn.com,42855,G81FMPI77M60,1
2020-01-08,puiz@yahoo.com,83317,M91G73RWKIM6,1
2020-01-08,puiz@yahoo.com,83317,YQOA9SJ7GWVJ,1
2020-01-08,stuast@yahoo.com,37526,542DJXROP6OH,1
2020-01-08,stuast@yahoo.com,37526,1NQU8BO9MGJT,1
2020-01-08,stuast@yahoo.com,37526,SX4DPODRD56P,3
2020-01-08,yaist@live.com,38444,A6HNHOSV99DP,1
2020-01-09,geap@icloud.com,63286,WHCV50AFCA0S,1
2020-01-09,hian@gmail.com,42889,RIP105145HL2,1
2020-01-09,pab@gmail.com,66931,EK293AA5F67V,2
2020-01-09,pab@gmail.com,66931,63GO4VPYORKT,2
2020-01-09,jui@gmail.com,09784,6LNQGXQUDMV7,3
2020-01-09,jui@gmail.com,09784,9NKBU6YURB7Q,1
2020-01-10,riob@msn.com,29477,KTDE5IYMBWQ6,1
2020-01-10,riob@msn.com,29477,C5LRQ9IHKGWX,1
2020-01-10,suk@gmail.com,72533,DW30REX36BVI,3
2020-01-10,croe@yahoo.com,62472,QC3O52SN0DRV,4
2020-01-10,croe@yahoo.com,62472,SWECA5WWJAWO,1
2020-01-10,croe@yahoo.com,62472,VF8OHGP8VDQM,1
2020-01-10,croe@yahoo.com,62472,GXIF2IESP08E,2
2020-01-11,gryg@yahoo.com,08069,XCBQHDIBLPCD,3
2020-01-11,gryg@yahoo.com,08069,5ELK8T8FSBBE,4
2020-01-11,rek@yahoo.com,96581,RP1MNMT8CQAZ,4
2020-01-11,zei@inbox.com,96781,TVXKQITRW8DO,2
2020-01-11,clu@inbox.com,93689,TI5KJJA7RNZC,1
2020-01-11,vyv@hotmail.com,38549,EDEN99GQNKDG,5
2020-01-11,smink@gmail.com,42401,0D1FLEY7RLMQ,4
2020-01-11,smink@gmail.com,42401,QKGCR6VBKN1U,1
2020-01-11,shuv@hotmail.com,38444,N2PVMBH0ECLN,1
2020-01-11,smum@aol.com,55521,8F32Z6RHEPES,1
2020-01-11,smum@aol.com,55521,K56A2IAX90MF,1
2020-01-11,smum@aol.com,55521,AKCS4CWBPW2Q,1
2020-01-11,smum@aol.com,55521,1W7QDOX2EF6F,1
2020-01-11,smum@aol.com,55521,7ZNTMX2F0YZC,1
2020-01-11,yoew@hotmail.com,18447,M72JH19M9RYX,1
2020-01-12,luaft@outlook.com,37087,2Q6K0AFY3SPT,1
2020-01-12,luaft@outlook.com,37087,X5X41O87H4E9,1
2020-01-12,luaft@outlook.com,37087,OO96R57FTRUM,2
2020-01-12,tro@hotmail.com,01712,GPB0NH5ANA7X,3
2020-01-12,daomp@mail.com,24961,QLKIDDS2ZIDB,1
2020-01-12,skaung@yahoo.com,36941,FMUDSRC6JJJ1,1
2020-01-12,skaung@yahoo.com,36941,L9X75E0LIR1D,1
2020-01-12,graow@live.com,45090,SN1QHY1VG700,1
2020-01-12,graow@live.com,45090,I25VAP4694AZ,1
2020-01-12,puiz@yahoo.com,83317,KJ40GXAJC6DF,2
2020-01-12,glio@hotmail.com,08951,PPEH845D9SHD,1
2020-01-13,gousk@msn.com,73695,T9N3XGATQRHE,1
2020-01-13,brynt@icloud.com,38444,A7J9VRK6B9S6,1
2020-01-13,faaf@mail.com,85488,FLGP2HEL3ASL,2
2020-01-14,daof@gmail.com,68882,WVZAX208OQVQ,3
2020-01-14,foe@gmail.com,37526,54EMHIGUL7EI,1
2020-01-14,cru@inbox.com,92664,HMOLDCX7Y2DZ,1
2020-01-14,cru@inbox.com,92664,2B52FHC099Z8,2
2020-01-15,blish@yahoo.com,69953,GW72B5BVMLGD,1
2020-01-15,blish@yahoo.com,69953,R3H6173HDI92,1
2020-01-15,blish@yahoo.com,69953,0NX06PY2F32H,3
2020-01-15,blish@yahoo.com,69953,W8XILGPTSZZ9,2
2020-01-15,blish@yahoo.com,69953,E3FBSSAUYH0B,1
2020-01-15,sheess@gmail.com,14455,X6CH8BAL5UGE,1
2020-01-15,cluil@gmail.com,17467,GPRH67V26HMR,2
2020-01-15,craeft@outlook.com,42889,K39SA5ZF77BX,2
2020-01-15,steo@hotmail.com,40283,3O1VFBLJQJQY,1
2020-01-15,vaum@yahoo.com,77165,2ZQC1982G6S6,3
2020-01-15,taump@msn.com,71026,RI6EQ2WEPTXZ,1
2020-01-15,frang@msn.com,30347,5RVMENX8P1N8,2
2020-01-15,roisp@aol.com,09452,CSTFSYZN8W8U,2
2020-01-16,zesp@msn.com,16744,3YFOND5JS8MG,1
2020-01-16,zesp@msn.com,16744,72CV0ADS1HYC,1
2020-01-16,zesp@msn.com,16744,GO8PJH1MT41M,2
2020-01-16,prok@mail.com,12543,1FYR7X8SL71C,1
2020-01-16,creo@gmail.com,57520,8DS5KLL7IV38,1
2020-01-16,creo@gmail.com,57520,VODGYY94ROU5,1
2020-01-16,creo@gmail.com,57520,Y31CZZWMZ363,1
2020-01-16,creo@gmail.com,57520,G1M3K0YOTR69,1
2020-01-17,blob@msn.com,70531,8PTJCTJFHENI,1
2020-01-17,skioz@icloud.com,90276,QRRXGTE1207I,3
2020-01-17,skioz@icloud.com,90276,ANOA42EOHBY7,2
2020-01-17,frim@mail.com,64534,W8CFK6149X2Y,3
2020-01-18,dram@gmail.com,57205,EP4U2V12CANS,1
2020-01-18,py@msn.com,29258,5JSSPNNEF9XE,4
2020-01-18,py@msn.com,29258,ELYR3ZM3P7AU,1
2020-01-18,py@msn.com,29258,QLYFHYHOB33L,1
2020-01-18,py@msn.com,29258,DRZPPRSGVKNA,2
2020-01-18,cloe@gmail.com,90390,JLC41V0XGVF4,4
2020-01-18,cloe@gmail.com,90390,MY2XUA5ZSEPK,2
2020-01-18,cloe@gmail.com,90390,5WK09W8TIG0G,1
2020-01-18,too@yahoo.com,47003,ZOWVB78VGNKJ,1
2020-01-18,too@yahoo.com,47003,Q79L17LPP253,1
2020-01-18,too@yahoo.com,47003,3TT69BE0W1DP,2
2020-01-18,too@yahoo.com,47003,5UPHDJBEVCMC,3
2020-01-18,shaw@yahoo.com,78493,MW8FARVLSS38,3
2020-01-18,raan@yahoo.com,85822,Z9EWYXLWMTCE,1
2020-01-18,raan@yahoo.com,85822,NL16EPSWHBUT,1
2020-01-19,mo@gmail.com,76759,IKM4RAXF9YAX,1
2020-01-19,wyz@gmail.com,77902,DIQ117BW748F,1
2020-01-19,vou@gmail.com,65486,K10LQ5MZ4ZSM,2
2020-01-19,zo@inbox.com,29477,9KTZ5500WTDH,2
2020-01-19,zo@inbox.com,29477,JING8QNQDWYF,1
2020-01-20,sluof@hotmail.com,83233,VGQ4JU36KBKF,1
2020-01-20,sluof@hotmail.com,83233,J7HSJ0ZTW21P,1
2020-01-20,sluof@hotmail.com,83233,2YGS289589H1,2
2020-01-20,vact@msn.com,83233,MK4CD1DBTS9V,1
2020-01-20,stopt@gmail.com,09823,NVJYIHC1QGVN,2
2020-01-20,stopt@gmail.com,09823,3YI4BT5GAOMI,1
2020-01-20,stopt@gmail.com,09823,D1HBRJXMS5V8,3
2020-01-20,stopt@gmail.com,09823,KUECMWJUGGZQ,2
2020-01-20,craw@hotmail.com,70735,56LGC61KI195,1
2020-01-20,tuapt@gmail.com,42067,HWZ0N0BPGFX1,2
2020-01-20,glaenk@aol.com,41349,HLWAAI3LYBQ2,1
2020-01-21,vy@msn.com,27189,19QZIO1DO9WO,1
2020-01-21,stom@hotmail.com,60001,GWQRKGV04UZ9,1
2020-01-21,wo@hotmail.com,69036,D1CZIA7KGDLD,1
2020-01-21,wo@hotmail.com,69036,IJU6XBHRB44W,1
2020-01-21,wo@hotmail.com,69036,R22LUOXEYIFO,1
2020-01-21,gleg@hotmail.com,23928,RSMDBJA53JSE,1
2020-01-21,crou@msn.com,16374,2BP4U7ZFO9UP,3
2020-01-21,swuaz@yahoo.com,12525,7RJAWDE3QD7B,2
2020-01-21,shid@yahoo.com,13881,TNAXGB7FS1CV,1
2020-01-21,prao@live.com,23946,0PF41MPH4W1R,1
2020-01-21,prao@live.com,23946,G0Z3EKHD1ZL8,3
2020-01-21,prao@live.com,23946,A25318PAMNYB,2
2020-01-21,ske@gmail.com,99267,IS34DIWYQR72,1
2020-01-21,ske@gmail.com,99267,36P77O05FYDE,1
2020-01-21,shusp@yahoo.com,73303,U5ZKFP72E7MB,1
2020-01-21,shusp@yahoo.com,73303,PY0BLSNXO3C9,2
2020-01-21,plui@yahoo.com,87579,HIHAJ9IRQ77B,1
2020-01-21,plui@yahoo.com,87579,LRAYSLPM1VQ4,1
2020-01-21,claan@live.com,26389,WM3PJYO4JGG8,2
2020-01-21,claan@live.com,26389,FWG0CKCWYTKW,2
2020-01-22,sneisk@gmail.com,32642,FWTQ5MZN7RD1,4
2020-01-22,slauss@yahoo.com,33341,G7WS5UB3N0X7,3
2020-01-23,creng@hotmail.com,71026,FO8VOP12UK6C,1
2020-01-23,sui@gmail.com,68170,VUO8SIA18MRG,1
2020-01-23,sui@gmail.com,68170,6VXQIPO4AWWT,2
2020-01-23,skaung@yahoo.com,36941,GJF0G00MUZZ6,2
2020-01-23,gria@msn.com,17467,PV1MXEC8UQ23,2
2020-01-23,clo@yahoo.com,14139,B1DDOMO776MS,1
2020-01-24,lo@outlook.com,16744,NWLNP8OWH99S,1
2020-01-24,lo@outlook.com,16744,MBANC7H05MKL,1
2020-01-24,sle@outlook.com,77767,T20TLWOS99AV,4
2020-01-24,claev@gmail.com,82919,JUGG2EUS5EH1,2
2020-01-24,cruoy@hotmail.com,06902,7DRE3397DWZJ,1
2020-01-24,cruoy@hotmail.com,06902,QVTX4IKQMN26,3
2020-01-24,cruoy@hotmail.com,06902,7PS06XR12TFS,1
2020-01-24,jio@yahoo.com,37526,8ARSBAIMBN7W,1
2020-01-24,jio@yahoo.com,37526,V7Y6H75CSWRD,1
2020-01-24,jio@yahoo.com,37526,ZPZ6QQAAKDHN,1
2020-01-24,jio@yahoo.com,37526,XG00XLDRGZD8,1
2020-01-24,pen@yahoo.com,96781,IVGK9ODA3IUH,2
2020-01-24,pen@yahoo.com,96781,F32Q0RL9I6CL,1
2020-01-24,pen@yahoo.com,96781,43NSCTRTEB4S,1
2020-01-25,strie@yahoo.com,70746,THZ2YLMMTLQK,2
2020-01-25,strie@yahoo.com,70746,LSMPHD0HT563,4
2020-01-25,strie@yahoo.com,70746,ATHEYCJ1SITH,2
2020-01-25,strie@yahoo.com,70746,L581HUXP4P0G,1
2020-01-25,zui@outlook.com,08069,TQA6T25BW3C7,2
2020-01-25,vo@hotmail.com,42067,CMISRAK1WWNX,1
2020-01-25,gluo@gmail.com,07067,NT8YXU1SYV63,3
2020-01-25,gluo@gmail.com,07067,IJWDDIZFN7PS,1
2020-01-25,smek@live.com,38306,ED9YST1QZKIV,1
2020-01-26,vy@outlook.com,30523,BG3E9RDJPRSE,1
2020-01-26,slom@gmail.com,88909,0C2UW4XLQ7UN,1
2020-01-26,slom@gmail.com,88909,D89YUCNHBTV9,2
2020-01-26,slom@gmail.com,88909,KC6XO25RV8FP,3
2020-01-26,slom@gmail.com,88909,8W3WKKJ5EX1R,1
2020-01-26,slom@gmail.com,88909,J6DJ3VSETIQL,2
2020-01-26,strem@hotmail.com,18384,67HQMGWNRO6D,1
2020-01-26,stria@aol.com,98045,IMNMUEM4J1PD,3
2020-01-26,stui@hotmail.com,58863,7JM8Y6W5JOM2,2
2020-01-26,stui@hotmail.com,58863,Y8MXRR503HAK,2
2020-01-27,creu@hotmail.com,42889,J2KV14VQUSLM,5
2020-01-27,creu@hotmail.com,42889,NHZTGSOVP5WC,1
2020-01-27,creu@hotmail.com,42889,DDLGMYZAMH31,1
2020-01-27,yoe@yahoo.com,55707,6QGX4GZM3PJV,2
2020-01-27,brao@gmail.com,26760,NUF5EIJRZX99,1
2020-01-27,fre@hotmail.com,87521,HTHAK5V0E51Y,1
2020-01-27,vimp@live.com,89754,L87WJZ4MBPE9,1
2020-01-28,clai@inbox.com,39977,AUWLEUY3TQJF,1
2020-01-28,vui@hotmail.com,69953,Y1UNUVUU0BNW,1
2020-01-28,vui@hotmail.com,69953,W4CGM3OXF6XN,1
2020-01-28,vui@hotmail.com,69953,22IV7O9LJGTT,3
2020-01-28,vui@hotmail.com,69953,Z6AU4UQWCSUK,1
2020-01-28,vui@hotmail.com,69953,3J4YIKMTHQ54,2
2020-01-28,vui@hotmail.com,69953,NCKO7WADCYF1,1
2020-01-28,lou@aol.com,25320,HHGIREQLV7VZ,1
2020-01-28,ston@mail.com,04015,GGJSA4SM35U5,2
2020-01-28,ston@mail.com,04015,D51O3A80C17J,4
2020-01-29,spect@hotmail.com,57544,ZLUK4Y4KEOM2,2
2020-01-29,spect@hotmail.com,57544,TPK30B5IO0ML,2
2020-01-29,spect@hotmail.com,57544,UWJNJIFXYKQR,3
2020-01-29,sweint@gmail.com,18837,DTPN20EBIO0E,1
2020-01-29,sweint@gmail.com,18837,T91QZKXSL0Q6,1
2020-01-29,draib@icloud.com,50710,PH9VY5IMUIME,1
2020-01-29,draib@icloud.com,50710,U2ZPQKMHJI4O,1
2020-01-29,draib@icloud.com,50710,WMIJBRNVXX9P,1
2020-01-29,zuo@yahoo.com,20878,47URJO6V9YTE,2
2020-01-29,zuo@yahoo.com,20878,YM45D4255ZJP,2
2020-01-29,tuab@msn.com,92584,G4HZ9AO3DKIK,2
2020-01-29,tuab@msn.com,92584,UPVHVOGDL95F,1
2020-01-29,smea@hotmail.com,32642,0KIU0G4XHF1O,1
2020-01-29,bue@aol.com,92259,H0STS9YO2M0B,1
2020-01-30,griah@inbox.com,90878,IM6N202WEJ1U,1
2020-01-30,not@msn.com,16374,KLW0GWTMCG0F,2
2020-01-30,not@msn.com,16374,8TD2V2PTO03I,2
2020-01-30,stroe@live.com,76125,45AKPP5QZ81N,2
2020-01-30,shoo@hotmail.com,22585,JRDYN21SRVXZ,1
2020-01-30,shoo@hotmail.com,22585,GL6E7J5PCFFH,2
2020-01-31,sind@aol.com,85311,TFV0FQIH1A9Y,1
2020-01-31,sind@aol.com,85311,VBMT1N115BMM,2
2020-01-31,criu@gmail.com,35511,67TPQALWKP9I,1
2020-01-31,criu@gmail.com,35511,P9H0WMDAZMN9,2
2020-01-31,criu@gmail.com,35511,99NQP416WJ3A,1
2020-01-31,law@hotmail.com,67582,C7RAICSHWH7B,1
2020-01-31,gend@hotmail.com,78593,NR49PY4B15B8,4
2020-01-31,gend@hotmail.com,78593,QBFTZE7MVMSM,1
2020-01-31,grui@msn.com,66931,I4UMPSO0D2WT,1
2020-01-31,grui@msn.com,66931,64X9YXTFVGE3,1
2020-01-31,tuift@outlook.com,86486,NZN0CANNCASW,2
2020-02-01,cleu@yahoo.com,77739,XJ9RFDZ2KS86,1
2020-02-01,moi@aol.com,64896,R7GGWSVBGF0L,1
2020-02-01,ho@aol.com,83594,Z94P6ZPIDFUX,1
2020-02-01,ho@aol.com,83594,D99HWFQT9NPY,1
2020-02-01,ho@aol.com,83594,GZS6SGXMMBCQ,3
2020-02-01,snount@gmail.com,21541,1VEUASHQ5YUJ,1
2020-02-02,nei@hotmail.com,58078,P5F6DG690E3O,2
2020-02-02,nei@hotmail.com,58078,99P9JWTQMO6E,1
2020-02-02,nei@hotmail.com,58078,08CP0RFV9Y0N,1
2020-02-02,diu@live.com,77593,IHX6406GRZKQ,1
2020-02-02,gu@mail.com,74718,AC9YNRROKEDU,3
2020-02-02,gu@mail.com,74718,TMKA5RCVY7HG,1
2020-02-02,ria@hotmail.com,40803,G45HQL6L2I3A,1
2020-02-02,jia@gmail.com,20938,HJDVUOFAHFYR,3
2020-02-02,niusp@msn.com,66931,DI52UCGYAAIQ,1
2020-02-03,sweo@msn.com,73303,F9AX39ZFPTZZ,1
2020-02-03,sweo@msn.com,73303,G6M38XRLPIIC,2
2020-02-03,toi@hotmail.com,77354,ZN397BS6TITN,1
2020-02-03,nou@gmail.com,26389,1YVFIDITANDJ,3
2020-02-03,nou@gmail.com,26389,TQOMO4OVSGR5,4
2020-02-03,zeast@icloud.com,44151,QNBK14TG0IXG,1
2020-02-03,glee@yahoo.com,13614,GHS1KBI5UN5O,1
2020-02-03,jei@yahoo.com,32327,F74TKEZ847EE,1
2020-02-03,jei@yahoo.com,32327,8VAYEN7SOKQ3,1
2020-02-03,jei@yahoo.com,32327,FZU7MU1PLAD4,1
2020-02-03,goint@yahoo.com,87782,WTD2AVA33JK5,1
2020-02-03,goint@yahoo.com,87782,28OWB2D8WPXK,2
2020-02-03,brio@hotmail.com,97368,SWO7R0HHB0Z7,1
2020-02-03,brio@hotmail.com,97368,U1Y8GQTL2381,2
2020-02-04,drea@inbox.com,70746,J8QDONP2I3L2,2
2020-02-05,lamp@aol.com,20827,SC3HNJSHLL9S,1
2020-02-05,riunk@aol.com,42891,ZQYBPY2544T3,2
2020-02-05,riunk@aol.com,42891,4NE1RERZB9JY,5
2020-02-05,swoob@aol.com,92584,KSJITV28GMZ5,1
2020-02-05,swoob@aol.com,92584,Q9BV6931Z92Q,3
2020-02-05,voab@hotmail.com,77061,QFWQMZDKPDSR,2
2020-02-05,voab@hotmail.com,77061,ZV9UXSMS4JJW,2
2020-02-06,jaah@icloud.com,31166,YTB5MS64LGQ5,1
2020-02-06,ploi@gmail.com,05164,K37Y20LY60P9,3
2020-02-07,groo@aol.com,05010,7CW2MYM9092C,2
2020-02-07,groo@aol.com,05010,K3TGO9JWQVRM,1
2020-02-07,groo@aol.com,05010,OMOFTEVQ43DH,1
2020-02-07,drai@aol.com,40283,C9B8F8W2ENOT,1
2020-02-07,drai@aol.com,40283,2ZGYXSEVNX1X,1
2020-02-07,dryf@icloud.com,25824,VFV5LF8F5Z78,2
2020-02-07,dryf@icloud.com,25824,X05TMKKLQKHA,1
2020-02-07,dryf@icloud.com,25824,CY3GMSHEBRQE,1
2020-02-07,dryf@icloud.com,25824,P2QNPWTSVZA2,2
2020-02-07,jysh@hotmail.com,88101,FNIQP610UJIN,2
2020-02-07,jysh@hotmail.com,88101,VE3AFKAXMQOP,1
2020-02-07,wu@aol.com,82539,4KNL9TKVOQ2J,4
2020-02-07,snau@hotmail.com,55614,BDFUQO92R3KZ,1
2020-02-07,stoav@live.com,78500,LH8L4I5NZ06W,1
2020-02-07,fuomp@yahoo.com,85678,QCTLBA127VVX,2
2020-02-07,fuomp@yahoo.com,85678,FKOZP7FEOTOJ,2
2020-02-08,loi@yahoo.com,09349,S1GN0AHF5E4W,1
2020-02-09,bing@yahoo.com,41828,X9PT5PAKWLUA,1
2020-02-09,che@outlook.com,68882,A0X8G7W959OW,1
2020-02-09,che@outlook.com,68882,CXQWC76ERT6K,2
2020-02-09,che@outlook.com,68882,FD64Z1C34XJP,1
2020-02-09,che@outlook.com,68882,Z5ARQIWCGQCC,1
2020-02-10,so@icloud.com,38549,ZDD3K39J3IJS,2
2020-02-10,so@icloud.com,38549,U66B0WCWS4WM,2
2020-02-10,dou@yahoo.com,35668,OK1FA8H11K6V,2
2020-02-11,fen@gmail.com,08639,PWVNL5C2KZKL,2
2020-02-11,fen@gmail.com,08639,TNHFCU2XRKYL,4
2020-02-11,kid@live.com,41766,HK8HMP9VPC3D,1
2020-02-11,broib@hotmail.com,14488,L21CEIWINUZB,1
2020-02-11,frai@outlook.com,77593,SMWU20QFL91U,1
2020-02-11,skaect@outlook.com,54938,VZRNT6HKNG08,4
2020-02-11,skaect@outlook.com,54938,Z5XNJIHTX9ZN,5
2020-02-11,skaect@outlook.com,54938,PGZ9CAC55K3A,1
2020-02-11,ste@aol.com,33412,TSYB2R2SD1PE,1
2020-02-12,vay@outlook.com,62714,3W60YN80C1CN,2
2020-02-12,vay@outlook.com,62714,UZ77115SSFPB,1
2020-02-12,vay@outlook.com,62714,ZHXZG3NAXSG8,1
2020-02-12,skuass@icloud.com,88972,QBDW0MRYPDL7,3
2020-02-12,na@yahoo.com,04817,XPXDQWEOKN1C,2
2020-02-12,floink@hotmail.com,42067,61ZX0JN69LDT,1
2020-02-12,floink@hotmail.com,42067,IA1VTIBHXV4D,1
2020-02-12,truent@gmail.com,54624,A1OLN5VWK833,1
2020-02-12,truent@gmail.com,54624,3B96I7Q52AKY,2
2020-02-12,truent@gmail.com,54624,NOMDXVY599CZ,1
2020-02-12,truent@gmail.com,54624,0FCRMGUB9CY3,3
2020-02-13,snaa@mail.com,75389,4Z5TRNOZAUGN,2
2020-02-13,gryst@gmail.com,78526,0SAWI36DDYW7,1
2020-02-13,gryst@gmail.com,78526,BJMAFC0L5P31,2
2020-02-13,gryst@gmail.com,78526,A3MODFA13090,4
2020-02-13,spaft@yahoo.com,37973,ET6JYWQSV2E9,1
2020-02-13,dreun@gmail.com,77165,LKOZRG2K5YR0,2
2020-02-13,dreun@gmail.com,77165,FTRJWLOGU6YT,1
2020-02-13,dreun@gmail.com,77165,TA4SHF1PV7M9,1
2020-02-13,dreun@gmail.com,77165,4EUKPG0ETDUH,1
2020-02-14,sie@yahoo.com,54624,AP4MI21VG0EK,1
2020-02-14,sie@yahoo.com,54624,PSFNRUDK2LO3,2
2020-02-14,keiz@aol.com,49763,4KC0EL4M9LDZ,1
2020-02-14,skiu@outlook.com,19246,HZXC7KSBJ8VJ,1
2020-02-14,pie@gmail.com,95467,5EGEZH8QO8YI,2
2020-02-14,pie@gmail.com,95467,MR8BQJ3YD7G7,1
2020-02-14,zee@yahoo.com,17254,XKPUR0IJSSEA,1
2020-02-15,jeg@aol.com,29808,TT0KOAQ35QFC,3
2020-02-15,nuenk@gmail.com,77967,90EZ0ZVIM4O4,1
2020-02-15,ty@yahoo.com,77733,5LGR7B2JPU7U,2
2020-02-15,ty@yahoo.com,77733,7O8D7A2JERJN,1
2020-02-15,clair@gmail.com,64421,M5RY8975Q3KI,2
2020-02-15,ruk@aol.com,68882,VI7OQ6NI6QSV,3
2020-02-15,slood@yahoo.com,96356,796WK3VS3VBB,4
2020-02-15,tyng@yahoo.com,09349,NTYJKISCZI58,1
2020-02-16,frif@hotmail.com,76125,WUSTMZLPOBTB,1
2020-02-16,frif@hotmail.com,76125,T2W45MZDA8FG,2
2020-02-16,frif@hotmail.com,76125,1KKSYCJ3IHSA,1
2020-02-16,frif@hotmail.com,76125,WCTH55C8E2UY,2
2020-02-16,my@outlook.com,54624,HR8IDKUM5VBR,4
2020-02-16,nea@aol.com,08384,AWNL3PZ6SZM8,3
2020-02-16,fleu@hotmail.com,82429,U8EH39299AJQ,3
2020-02-16,fleu@hotmail.com,82429,9XUUXKS393KO,1
2020-02-16,fleu@hotmail.com,82429,MTU2Y9TWV3U2,1
2020-02-16,zo@aol.com,75389,5SX553KIJD6D,1
2020-02-16,zo@aol.com,75389,LEHNZNTR8P4W,1
2020-02-16,zo@aol.com,75389,IW1AHKWDTBXU,1
2020-02-16,zo@aol.com,75389,69L63P8V66XW,2
2020-02-16,zo@aol.com,75389,HHWJOWP41DW9,1
2020-02-16,fref@hotmail.com,64237,P2SENHN53VVU,3
2020-02-16,breol@icloud.com,14139,8A2Y8FPNVWF5,1
2020-02-17,pa@aol.com,96581,H8UBOJC37M8M,1
2020-02-17,snio@hotmail.com,10365,DOGCUR9B4AL4,1
2020-02-17,skie@mail.com,71026,CFHV6S1BHLXF,3
2020-02-17,clent@gmail.com,75702,5AMX5NAJOIRW,1
2020-02-17,swuch@aol.com,18447,YORRUYT47W4M,2
2020-02-17,tria@inbox.com,53023,ER26O9RA9YZI,1
2020-02-17,tria@inbox.com,53023,4513THVXY46H,2
2020-02-18,wond@mail.com,46870,Z7TV3FZ72TV6,1
2020-02-19,foft@yahoo.com,50103,UAYKGDK98FER,1
2020-02-19,foft@yahoo.com,50103,NOLDFK2F1JVM,1
2020-02-19,foft@yahoo.com,50103,QXL38P6ZTOC7,2
2020-02-19,foft@yahoo.com,50103,07EPRHFFKPZ5,1
2020-02-19,koe@icloud.com,88101,DW4C34KRZDG3,1
2020-02-19,neet@hotmail.com,87291,ALXZGW8TMHPX,1
2020-02-19,shih@live.com,42067,95H5ZT8BPWYL,1
2020-02-19,baik@gmail.com,12439,RPA9OD0OQ5ET,2
2020-02-20,sha@mail.com,30527,W9JCLJPU0E9R,1
2020-02-20,tunk@hotmail.com,72533,S0ROO0ACW99B,2
2020-02-20,sni@yahoo.com,10365,8VAYEN7SOKQ3,1
2020-02-20,sni@yahoo.com,10365,DDLUI9GMSM9D,3
2020-02-20,ni@yahoo.com,53203,3TD5PJOJ50D5,1
2020-02-20,ni@yahoo.com,53203,ZQOPKROUPUKZ,2
2020-02-20,yei@live.com,23946,HCS45ZOCNDP3,1
2020-02-20,chof@msn.com,08639,O10D0IRQYH3B,1
2020-02-20,drip@aol.com,06106,F2WV2EOVOA9W,5
2020-02-20,kiuss@aol.com,77967,RH5E90KW85OK,1
2020-02-21,gliu@outlook.com,13614,03CNDZDYQ6IZ,2
2020-02-21,stust@aol.com,75462,VNFSLI6XG8J4,1
2020-02-22,veund@hotmail.com,24372,6799HUGNF1Z9,1
2020-02-22,yymp@gmail.com,70746,X6RY14H0PP01,1
2020-02-22,gli@inbox.com,33340,GW1A1KD57BU0,1
2020-02-22,sue@gmail.com,47003,64U80AW3ZFU3,1
2020-02-22,shi@hotmail.com,66888,1ZMSXAB1GHJR,1
2020-02-22,shi@hotmail.com,66888,6I2P6AMAHICV,3
2020-02-23,deapt@aol.com,75422,5VZ0080SNMUD,1
2020-02-23,deapt@aol.com,75422,OQ4W9IULSYYX,1
2020-02-23,deapt@aol.com,75422,D3EA1DVABES2,1
2020-02-23,deapt@aol.com,75422,G5AM8RI0RVIP,2
2020-02-23,deapt@aol.com,75422,N9K5A19ZHPZZ,1
2020-02-23,toa@yahoo.com,53203,WAUY6JH81DLH,1
2020-02-23,toa@yahoo.com,53203,DXUUHVF38N54,1
2020-02-23,toa@yahoo.com,53203,1LGWP7Z7DKG0,3
2020-02-23,glui@mail.com,82441,OIG96LI6IW0V,1
2020-02-23,glui@mail.com,82441,4EW7664UX62U,5
2020-02-23,stiav@live.com,74761,I2IYSZLQR68V,5
2020-02-23,stiav@live.com,74761,GN0V6Y6856HX,2
2020-02-23,stiav@live.com,74761,0R8OALZ126RQ,1
2020-02-23,blipt@gmail.com,01712,9GTTTOV4AGFV,1
2020-02-23,pa@gmail.com,10365,GHTMVAEX1ADS,1
2020-02-23,pa@gmail.com,10365,GEDBGTIREDKI,2
2020-02-23,drift@aol.com,38549,QZALWLT3JQ83,1
2020-02-23,drift@aol.com,38549,7METI3QG3MO9,2
2020-02-23,stysp@live.com,85822,DI3OMML82QZ8,1
2020-02-23,stysp@live.com,85822,BGW203UU8SMR,2
2020-02-24,snoik@aol.com,58089,C2LH5AO2I3DU,1
2020-02-24,snoik@aol.com,58089,R4666L0AAFWI,1
2020-02-24,spai@mail.com,78500,UG9BBBE4O9IE,1
2020-02-24,spai@mail.com,78500,EF5AXM91YK1J,1
2020-02-24,spai@mail.com,78500,PEWILX2YRDLM,2
2020-02-24,spai@mail.com,78500,WYJKYPFXSCHI,4
2020-02-24,deup@inbox.com,96356,R5CDEWJ86UUJ,3
2020-02-24,deup@inbox.com,96356,U9PZ10IY26HI,4
2020-02-24,deup@inbox.com,96356,0C8SZ9IBGQTS,3
2020-02-24,zoa@outlook.com,85157,71OWGEJSB0CU,3
2020-02-25,sont@gmail.com,05464,7OKUPIIA1S9E,4
2020-02-25,flaz@hotmail.com,26698,6IKBDUVVJC4J,2
2020-02-25,flaz@hotmail.com,26698,V45VILJ21335,1
2020-02-25,flaz@hotmail.com,26698,UTDZN8D2YUM9,1
2020-02-25,prusk@hotmail.com,26456,4FOT6291UOCN,1
2020-02-25,triag@aol.com,27870,3SJBV836A7B5,1
2020-02-25,druept@gmail.com,96915,ITMJUBHYL6UD,4
2020-02-25,ga@inbox.com,90061,97SO0KJ3LR9M,1
2020-02-26,truim@aol.com,04055,BS1YNX9QV6JS,2
2020-02-26,truim@aol.com,04055,TUXGR05HDKZQ,4
2020-02-26,grund@aol.com,40283,PD0OO7Q8XFI3,2
2020-02-26,piok@msn.com,21541,5R374YUPUCSR,2
2020-02-26,crue@outlook.com,38451,Z6MZOXRF5EBW,1
2020-02-26,crue@outlook.com,38451,WVDW1YLJOYI1,1
2020-02-27,sind@aol.com,85311,9UFDWJ3DL8OW,1
2020-02-27,zuo@yahoo.com,20878,P568LYIMPS8Z,1
2020-02-27,pra@msn.com,48031,A008Y44EAY2H,2
2020-02-27,plieh@hotmail.com,53600,QWUHLVCNJJJT,1
2020-02-27,brue@gmail.com,94890,KKKFFK70O404,1
2020-02-27,brue@gmail.com,94890,EM3CI1S4ZHE3,1
2020-02-27,brue@gmail.com,94890,RNK1PG5R6T18,1
2020-02-27,fa@icloud.com,92369,004I0AABSOLE,1
2020-02-27,fa@icloud.com,92369,BSKWZKQ5AEWB,1
2020-02-27,fa@icloud.com,92369,YWKGSHHWBRR9,3
2020-02-28,vusp@live.com,94909,5TM60PUL0OMY,1
2020-02-28,slo@icloud.com,71816,5PXMWUTYA0B0,1
2020-02-28,pli@live.com,23838,9O115L3PHP2M,4
2020-02-28,pli@live.com,23838,2HYN2FYLZ2TH,3
2020-02-28,creuch@hotmail.com,90434,ERFYFCVCESHA,4
2020-02-28,pu@live.com,06106,YOHLTWK9CGZI,1
2020-02-28,pu@live.com,06106,XO7CXFSJLB1D,1
2020-02-28,pu@live.com,06106,67PX7SYD684K,1
2020-02-28,pu@live.com,06106,0XRFPWMOKECU,1
2020-02-28,strust@gmail.com,99267,WX00HXRCV3CM,1
2020-02-28,plect@gmail.com,88819,1M8XTFSH8QGG,1
2020-02-28,dig@icloud.com,35116,X7XAXTA1BPTT,2
2020-02-29,mi@hotmail.com,74068,UGQPR9NHJ48B,1
2020-02-29,clu@inbox.com,93689,5LD9RJ0CKQMV,1
2020-02-29,clu@inbox.com,93689,MIQVCN5TDBD6,1
2020-02-29,clu@inbox.com,93689,IN58717R7XX3,1
2020-03-01,yy@yahoo.com,66810,71PF2PS26UQ6,1
2020-03-01,skyst@aol.com,12220,1CS4CC0E6J1V,2
2020-03-01,skyst@aol.com,12220,YV26T09EO88B,1
2020-03-01,skyst@aol.com,12220,NMQ8SQ9VR74I,3
2020-03-01,struad@gmail.com,91116,FBLG7FYSQQKP,1
2020-03-01,struad@gmail.com,91116,BCLQGYAPE08X,1
2020-03-01,wim@outlook.com,77733,N7W93Z68ISDG,1
2020-03-02,praa@hotmail.com,95226,PXG7LM4HF64S,4
2020-03-02,tual@yahoo.com,35668,TY3NWYHGWEG0,1
2020-03-02,smoob@hotmail.com,55707,4IG9IBIA8HWN,1
2020-03-03,vent@yahoo.com,60514,X1C7PNA82OBY,1
2020-03-03,ruch@msn.com,63879,X3IRNQEF4PHJ,2
2020-03-03,ha@hotmail.com,54966,AC0DJQZIBEDU,1
2020-03-03,pre@live.com,21483,3B29YR1THFRQ,1
2020-03-03,pre@live.com,21483,KK4Z0CTGQ2XD,2
2020-03-03,pre@live.com,21483,FYNNZ9SKOQ6B,1
2020-03-03,pre@live.com,21483,GLHWTFVX3UPY,2
2020-03-03,pre@live.com,21483,XDE2E21XHILO,1
2020-03-03,clie@outlook.com,65266,VCFMLWZ86129,3
2020-03-03,glui@gmail.com,48490,SOQW6KWC1TM3,1
2020-03-03,glui@gmail.com,48490,T4AWAUQ42KM7,1
2020-03-03,zoesp@hotmail.com,10246,WNQBX857BRQ4,8
2020-03-03,zoesp@hotmail.com,10246,YGOFPO9RITMY,2
2020-03-03,flect@inbox.com,03604,0OW7YVS2YSJI,1
2020-03-03,jesk@hotmail.com,67706,9D8J7JC6ZVWB,1
2020-03-03,slie@inbox.com,73303,05A3U0C8ZT7T,3
2020-03-03,slie@inbox.com,73303,9GIIGS0198HI,3
2020-03-04,maa@hotmail.com,75702,H9G8HAMTEG2D,1
2020-03-04,roo@gmail.com,42007,PWNDJH9QX19S,3
2020-03-04,roo@gmail.com,42007,PAHJLY1MEQKW,1
2020-03-04,roo@gmail.com,42007,17TOQMLJGQKP,1
2020-03-04,pliesp@aol.com,14139,VFPJH2W4VY3X,1
2020-03-04,pliesp@aol.com,14139,Z4EHRJIE3B8A,2
2020-03-04,pliesp@aol.com,14139,8PO2GL5LKKNA,3
2020-03-04,maah@gmail.com,82441,W3I88656ERDK,1
2020-03-04,maah@gmail.com,82441,ZPB1G07NK2L6,2
2020-03-04,maah@gmail.com,82441,7VX37JH2DREQ,1
2020-03-04,swu@outlook.com,56625,QJKG9EPQN85Q,4
2020-03-04,swa@yahoo.com,75462,1GIZHK2Y6T0R,1
2020-03-05,hea@live.com,24016,3PTD1FBZKKIV,3
2020-03-05,hea@live.com,24016,JYR3WORX2BZA,1
2020-03-05,fly@gmail.com,42007,ENMNHYJN7B0Z,2
2020-03-05,pryd@msn.com,06106,D3MR4DJSP8NT,1
2020-03-05,muem@msn.com,34193,R19SDNWP4TX2,1
2020-03-06,cloct@hotmail.com,96915,ZPX4H9NDNDAM,1
2020-03-06,cloct@hotmail.com,96915,QI2GJF3X7KXX,1
2020-03-06,zym@hotmail.com,19883,9B7VO3114IVR,2
2020-03-06,zym@hotmail.com,19883,KL66B3PJVL07,1
2020-03-06,zym@hotmail.com,19883,UF4NRHOI6GSU,2
2020-03-06,vyv@live.com,73944,MUN2AUI85SSA,1
2020-03-06,vyv@live.com,73944,JVY9L9VSZ5PZ,1
2020-03-06,vyv@live.com,73944,CES4ZHQDG1GF,1
2020-03-06,toom@yahoo.com,71026,MLPCH9RUH39X,1
2020-03-06,toom@yahoo.com,71026,FHBU6LSO8Y3E,1
2020-03-06,kiuss@aol.com,77967,RHSXVTRG2I7L,2
2020-03-06,blyt@inbox.com,53462,8AQWFKRROG3X,3
2020-03-06,blyt@inbox.com,53462,84BKE2R6E8U5,1
2020-03-06,blyt@inbox.com,53462,K1829V2M28YA,2
2020-03-06,piosk@hotmail.com,12525,PD0OO7Q8XFI3,2
2020-03-06,piosk@hotmail.com,12525,M7NLVQLK3IQ3,1
2020-03-06,piosk@hotmail.com,12525,8EWGJLKI674V,1
2020-03-07,smoon@hotmail.com,88972,CCI14GMRLGGT,1
2020-03-07,tu@yahoo.com,83594,B9H4HF29UMR2,1
2020-03-07,ploib@icloud.com,05398,NPCQRXHKSJM5,2
2020-03-07,ploib@icloud.com,05398,XIY97P6FF17J,2
2020-03-07,ploib@icloud.com,05398,IS6ELBRPM3ES,1
2020-03-07,skoim@gmail.com,04817,D1ORNUXBUB68,1
2020-03-07,skoim@gmail.com,04817,5VH1YF1YPZE5,1
2020-03-07,neb@gmail.com,71816,9BOQC5LCKNPD,3
2020-03-08,dru@msn.com,85822,K4GLTVLIP20C,2
2020-03-08,stryp@yahoo.com,58089,UFLNMX1DPVXE,3
2020-03-08,skoi@gmail.com,96356,6MDAQ4IJPL7Z,1
2020-03-08,chach@aol.com,96356,6DMZZJ7IQZY8,1
2020-03-09,prioy@hotmail.com,88819,9ZNAHV203HO8,2
2020-03-09,prioy@hotmail.com,88819,E4BBI3NRBEJW,2
2020-03-09,stea@live.com,82417,D4WP6TV1J3GA,1
2020-03-09,dryn@aol.com,45187,4Q5ZZZA17RXD,1
2020-03-09,dryn@aol.com,45187,0PF41MPH4W1R,1
2020-03-09,dryn@aol.com,45187,7OXMF5C4LGFQ,1
2020-03-09,naif@gmail.com,24961,LVFHEG0V6OC0,1
2020-03-09,gau@aol.com,54624,13R7Z3LGVLX0,1
2020-03-10,kue@yahoo.com,97368,3ZKSCCLLZC33,2
2020-03-10,trao@gmail.com,12439,TNAXGB7FS1CV,4
2020-03-10,sleo@hotmail.com,42944,32LLE94S1S3D,2
2020-03-10,sleo@hotmail.com,42944,ODRDIH6UXRQL,1
2020-03-10,sleo@hotmail.com,42944,T255DB6XAFVV,1
2020-03-10,sleo@hotmail.com,42944,J2TLWQC93SR6,2
2020-03-10,ha@outlook.com,00868,SCLV05PTS8O3,1
2020-03-10,ha@outlook.com,00868,SVP6ZORE9R7Q,2
2020-03-11,choa@live.com,09874,2LNJ5SIQFRLY,2
2020-03-11,choa@live.com,09874,V0IGZSAV70ZB,3
2020-03-11,truot@outlook.com,04817,ANRNW8XOVYYM,1
2020-03-11,sa@yahoo.com,48957,M6P9C10V4XFI,1
2020-03-11,sa@yahoo.com,48957,P3SGLBJY2RXB,1
2020-03-11,sa@yahoo.com,48957,NWK7EHLNTP5J,1
2020-03-11,prui@hotmail.com,26411,NAU5QW2830JL,1
2020-03-12,brao@aol.com,31780,XVW4GGXMIC9B,2
2020-03-12,swou@gmail.com,88909,0WQCCRLTSDBM,1
2020-03-12,lau@gmail.com,23744,TPHSHELHGFK2,2
2020-03-12,demp@aol.com,84562,ITODCMG2KTDE,2
2020-03-12,demp@aol.com,84562,MAUVXKDAVW0O,3
2020-03-12,demp@aol.com,84562,AHNDZ00RCO64,1
2020-03-12,brin@msn.com,60001,5XD9450GPX0B,1
2020-03-12,brin@msn.com,60001,0WLQPHCPD4P1,2
2020-03-12,brin@msn.com,60001,WF8RJICCYX2U,1
2020-03-12,sloe@aol.com,61564,36YPJ6M88M01,2
2020-03-13,skysk@yahoo.com,75427,ROQJ7Z9JZFDE,1
2020-03-13,striok@yahoo.com,48490,KGZ8AXRS5BJD,1
2020-03-13,striok@yahoo.com,48490,542H4QWAV7TF,1
2020-03-13,striok@yahoo.com,48490,6F1E6CLIMY6S,1
2020-03-13,striok@yahoo.com,48490,QWZ6HMPCYQRH,1
2020-03-13,striok@yahoo.com,48490,WQ9TZI92ST3X,1
2020-03-13,striok@yahoo.com,48490,97MZF9TD2TCN,1
2020-03-13,preusp@hotmail.com,57144,LYQ5M6DODX2D,3
2020-03-13,lue@aol.com,51041,OE1APWPTLR02,1
2020-03-13,lue@aol.com,51041,K5LYZLXE9AVK,1
2020-03-13,lue@aol.com,51041,AJ2P0IQ0GM34,1
2020-03-13,nig@gmail.com,53211,EDTMCQ4AXMJ6,2
2020-03-13,shaash@aol.com,38078,G0DAUIQ9JOVC,2
2020-03-14,skind@gmail.com,65290,VX8PVP9NXWVV,2
2020-03-14,skind@gmail.com,65290,HLKI0LAH0A4A,2
2020-03-14,spu@gmail.com,88101,WP0LDCIA5M6T,2
2020-03-14,spu@gmail.com,88101,08QNG873A9AO,2
2020-03-14,spu@gmail.com,88101,67KG0XHHL55F,2
2020-03-14,smank@gmail.com,90291,D1ILLWOU769I,2
2020-03-14,pu@msn.com,75462,2H3ZNBN36MOW,2
2020-03-14,pu@msn.com,75462,TEZ6KEG83OX6,1
2020-03-14,fraand@yahoo.com,77739,DCT0DL47ISIO,2
2020-03-14,loss@icloud.com,25022,EZE60VESAACD,2
2020-03-14,loss@icloud.com,25022,YZXXSTUI5U4C,1
2020-03-14,loss@icloud.com,25022,5F7PYKS46U0X,1
2020-03-14,loss@icloud.com,25022,YGMF1NQ9A2YX,1
2020-03-14,zask@gmail.com,17190,LB1U0NETZCYY,1
2020-03-14,loint@live.com,10246,IFEA5E62TDXI,2
2020-03-14,loint@live.com,10246,UH4FJMM21L5V,1
2020-03-15,poey@gmail.com,90061,2FZIR0S6JKH1,3
2020-03-15,kapt@mail.com,14455,Y0VOZDTUOBHZ,1
2020-03-16,blesk@gmail.com,39496,06NZ22KUDJWM,1
2020-03-16,stuer@gmail.com,29808,HDFLTCVZX377,1
2020-03-16,drao@yahoo.com,39496,QRM5RF2A5A8F,1
2020-03-17,stea@gmail.com,48255,AZMJRYW35B5G,1
2020-03-17,fliuch@msn.com,66023,CDYJFBLCBN3W,5
2020-03-17,fliuch@msn.com,66023,7G08FBHQS2HS,1
2020-03-17,fliuch@msn.com,66023,A94SK8NRWEQP,2
2020-03-17,shu@msn.com,73303,2L24RZWED0H3,3
2020-03-17,shu@msn.com,73303,2V6W4NF3CXM3,1
2020-03-17,smee@aol.com,88972,ZC506F9DZJ3D,1
2020-03-17,smee@aol.com,88972,AV3SZV5MSDR2,2
2020-03-17,swil@outlook.com,53203,4SZPVW59IDA9,2
2020-03-17,swil@outlook.com,53203,L75H27WBDAUS,1
2020-03-18,strui@live.com,90276,HEFARUBUMNB4,1
2020-03-18,strui@live.com,90276,ZYWIK4ZA8TMH,1
2020-03-18,cluop@aol.com,38306,5JZD7JL38GXR,1
2020-03-18,wo@hotmail.com,69036,TIKODKJQ7XIA,2
2020-03-18,wo@hotmail.com,69036,BEMYFP7NLFEV,3
2020-03-19,rek@yahoo.com,96581,LFN5KJQEHIAJ,1
2020-03-19,grauft@yahoo.com,54624,3CEPPN3X8YA3,1
2020-03-19,grauft@yahoo.com,54624,UFT3VXVX62F9,1
2020-03-19,grauft@yahoo.com,54624,AHNRXRIPSPI2,1
2020-03-19,tu@aol.com,85663,E6VOY5ME3TU6,3
2020-03-19,fui@aol.com,67706,MBEQRIF7EGBX,1
2020-03-19,blio@hotmail.com,91013,9GMAJM0LH9DP,1
2020-03-19,blio@hotmail.com,91013,9GL190A8OY1U,2
2020-03-19,slump@inbox.com,29258,96HQCMPZ35J9,2
2020-03-19,slump@inbox.com,29258,QMGZIME5DP9U,4
2020-03-19,slump@inbox.com,29258,0I5QRMNBMMBU,3
2020-03-19,graa@yahoo.com,49880,OIAAK1ZQXP2Y,1
2020-03-19,chaa@hotmail.com,18384,XB63TLFFW1YD,1
2020-03-19,chaa@hotmail.com,18384,R70RGJOC47HB,4
2020-03-19,chaa@hotmail.com,18384,3CXN7QN0P509,2
2020-03-20,choft@hotmail.com,51585,XRODZSUMIWIS,1
2020-03-20,choft@hotmail.com,51585,SMOMSHVTEEZA,1
2020-03-20,straoch@gmail.com,88819,QY64LUUYAA00,2
2020-03-20,straoch@gmail.com,88819,NMNJD6MDCNW4,1
2020-03-20,veu@msn.com,66224,SVAN4NG0H39R,2
2020-03-20,stiul@live.com,58252,F66QISDUNLWQ,2
2020-03-21,deuct@yahoo.com,49446,HO4DZ94GNDGK,3
2020-03-21,mei@mail.com,82441,EJWOSSEZB5WY,3
2020-03-21,mei@mail.com,82441,0J88BLGW39BA,4
2020-03-21,mei@mail.com,82441,JY6NF9FYI2JX,1
2020-03-21,choin@inbox.com,23343,WNVHKGXBA3OO,1
2020-03-21,choin@inbox.com,23343,YRDTX60I4YFC,3
2020-03-21,sted@msn.com,61316,8KTYYV4Z4KVB,2
2020-03-21,dria@icloud.com,96356,I5D0OTSN4GCH,1
2020-03-21,dria@icloud.com,96356,HG8C3IJ59LUR,1
2020-03-21,wuint@gmail.com,24016,H3FOJVHVB8B7,3
2020-03-21,pra@hotmail.com,38303,299QU8KP02QJ,1
2020-03-21,slou@yahoo.com,18384,AN78YZ9SA3UE,1
2020-03-21,slou@yahoo.com,18384,D25WYJEK5BOP,5
2020-03-22,spuet@inbox.com,52915,CMO4PVS8LKMA,2
2020-03-22,spuet@inbox.com,52915,YBGEE0F8WGUL,1
2020-03-22,priu@gmail.com,84562,50K2UO5K4MMJ,1
2020-03-22,crey@mail.com,61789,ABNVY34TVOW1,1
2020-03-22,crey@mail.com,61789,0W7VJFQA2XWD,3
2020-03-22,crey@mail.com,61789,79X5WH7HFSP0,1
2020-03-22,diu@yahoo.com,55410,ISAS8E1QK3Q0,2
2020-03-22,besh@aol.com,90291,A145AC9BCTA4,2
2020-03-22,besh@aol.com,90291,L550D62QTF8L,1
2020-03-22,besh@aol.com,90291,L6KC3TQVL8IC,1
2020-03-22,smi@aol.com,58863,BJT184CRZMGG,1
2020-03-22,fluo@yahoo.com,60021,MUHPP3I0ZT2L,1
2020-03-22,fluo@yahoo.com,60021,A64TQ7GFC6OZ,1
2020-03-22,fluo@yahoo.com,60021,VDFWV1N10SIW,1
2020-03-22,fluo@yahoo.com,60021,P4V5Q8XP55EX,2
2020-03-22,fluo@yahoo.com,60021,G7GYJ14CL975,1
2020-03-22,chil@gmail.com,74761,G8APRIAC2R2W,1
2020-03-23,skia@aol.com,82417,N2PVMBH0ECLN,1
2020-03-23,skia@aol.com,82417,VM4I8T0T1T1K,2
2020-03-23,skia@aol.com,82417,VOIC943FM4PV,3
2020-03-23,skia@aol.com,82417,OQZLB24MLECE,1
2020-03-23,zuift@hotmail.com,21483,24799F5TK4L8,1
2020-03-23,pli@live.com,23838,T5VV38QKT7HF,4
2020-03-23,gli@aol.com,33340,K2JGBTJH47RS,1
2020-03-23,gli@aol.com,33340,9CDSBNU3EB13,1
2020-03-24,fri@live.com,04817,LWWNTQF6F5FD,1
2020-03-24,fri@live.com,04817,ZGIMZIKAYATR,1
2020-03-24,neib@gmail.com,33340,3JS5BEQK05Z0,2
2020-03-24,neib@gmail.com,33340,TZP4NWHFBYKN,2
2020-03-24,no@live.com,77165,C5B79NU81T7T,1
2020-03-24,no@live.com,77165,L62LWIH64GC3,3
2020-03-24,baift@outlook.com,42855,P92WUZF0941T,1
2020-03-25,zei@msn.com,88972,N3HMTHUW4LEM,1
2020-03-25,brant@outlook.com,38025,QEX5HXHICO3L,2
2020-03-26,wee@hotmail.com,18343,MAEJ6M2BHGOC,1
2020-03-26,tao@hotmail.com,09823,587IDOD3SKGO,3
2020-03-26,tao@hotmail.com,09823,04VV46MCPTYB,1
2020-03-26,tao@hotmail.com,09823,HT3TFBXJW4QD,2
2020-03-26,faask@inbox.com,54938,MIIX0W8U5EZH,2
2020-03-26,faask@inbox.com,54938,MSU4OKNGR04T,2
2020-03-26,jesk@hotmail.com,67706,B1VAB0X0U4SL,1
2020-03-26,broez@yahoo.com,95291,AP4420FY9WUE,1
2020-03-26,broez@yahoo.com,95291,3GDQKKX3ULPO,1
2020-03-27,ta@inbox.com,38078,G19MNWEZSCLZ,1
2020-03-27,chui@gmail.com,44425,6MBMQOR043XL,1
2020-03-27,brei@hotmail.com,58107,0NZERT9WGNIM,2
2020-03-27,hienk@hotmail.com,47722,51XDTT6S01QF,3
2020-03-28,yaag@hotmail.com,30347,FD2PSMTWHHEL,1
2020-03-28,chiew@inbox.com,52837,0ALXCXSTUWXG,1
2020-03-28,chiew@inbox.com,52837,PRA65Y8J7ZP3,1
2020-03-28,stroch@hotmail.com,13109,IW91JXT5MHHT,1
2020-03-28,brue@outlook.com,33340,YGS7CHRVXPF9,3
2020-03-28,fraint@aol.com,22519,3QC7KY789UFJ,1
2020-03-28,fraint@aol.com,22519,E4DICJYLYGWG,2
2020-03-28,fraint@aol.com,22519,28OU5XQ8XZDX,4
2020-03-28,niach@msn.com,49467,I1MUFPU83C95,2
2020-03-28,niach@msn.com,49467,PVHTXG2509TK,1
2020-03-28,teond@live.com,85646,7JZKH446YTP1,2
2020-03-28,syh@live.com,42190,W0O20YGQRYZU,1
2020-03-28,syh@live.com,42190,YLB4YSIS9ZW9,1
2020-03-28,syh@live.com,42190,PEIFN2R5C2EK,2
2020-03-29,pruoch@inbox.com,76441,UOPAA23IFJO5,1
2020-03-29,skoi@yahoo.com,36972,UK54NQXGLW0X,2
2020-03-29,strank@gmail.com,94909,IU59UVZYSSYQ,1
2020-03-29,skesh@yahoo.com,19883,W9WXXUMT1IC0,1
2020-03-29,skesh@yahoo.com,19883,7VXOI47ZHUWI,2
2020-03-29,skesh@yahoo.com,19883,ME90IP50HOF8,4
2020-03-29,dru@yahoo.com,47365,G0S57TORT37G,3
2020-03-29,ke@gmail.com,97680,DUYGKXTV703U,2
2020-03-29,ke@gmail.com,97680,XYHXV5QX3LHV,2
2020-03-29,ke@gmail.com,97680,196LTC8Y9HTT,2
2020-03-29,ke@gmail.com,97680,GRSLWULWT2VB,1
2020-03-29,ke@gmail.com,97680,ES4BNMEMGN57,1
2020-03-29,ke@gmail.com,97680,9Q8RHK1BKFMO,2
2020-03-30,blao@gmail.com,62824,4IAH5JZMPFE7,6
2020-03-30,strai@yahoo.com,75822,JWBC2BQ8SX5S,2
2020-03-30,slev@hotmail.com,30523,26RHJZPQ0SGI,4
2020-03-30,slev@hotmail.com,30523,VPP6UOQQ0I5X,3
2020-03-30,spiund@yahoo.com,76125,6R5CH21X27FI,1
2020-03-30,spiuct@hotmail.com,13614,U8EH39299AJQ,3
2020-03-30,spiuct@hotmail.com,13614,97PRBV2QN8JA,1
2020-03-30,ha@msn.com,55614,KICHFIYXDFQP,1
2020-03-30,deo@aol.com,77733,P7RU8NDTAKYU,1
2020-03-30,deo@aol.com,77733,3CXE47N53O7N,1
2020-03-30,taa@hotmail.com,10263,JDDH40GSEQVW,1
2020-03-30,taa@hotmail.com,10263,GIY4FJDF3N2L,2
2020-03-30,brea@aol.com,43288,37FSSA0HAPP3,1
2020-03-30,brea@aol.com,43288,LMT46SW4KY6K,1
2020-03-30,pai@msn.com,23853,XN8U3Y3VYCSP,1
2020-03-30,pai@msn.com,23853,KTAZB3QYT4UW,3
2020-03-30,pai@msn.com,23853,GQGF2Z2TENVH,1
2020-03-31,zuo@aol.com,87782,D3MR4DJSP8NT,3
2020-03-31,sneep@msn.com,45641,U6Z40YG79ENS,1
2020-03-31,sneep@msn.com,45641,QE5R9ZYVAH6G,1
2020-03-31,sneep@msn.com,45641,TN434OHO46Q2,2
2020-03-31,miy@gmail.com,49467,YAPUSRQRXP95,2
2020-03-31,maund@gmail.com,05164,IVYU2REAMQZD,1
2020-03-31,zaeb@gmail.com,44151,YJBXQXC81M8D,2
2020-03-31,zaeb@gmail.com,44151,2I5E56UL4W9J,5
2020-03-31,zaeb@gmail.com,44151,ORQQTR0J3T10,1
2020-03-31,zaeb@gmail.com,44151,21BRWRU4J0LK,2
2020-03-31,spact@hotmail.com,58089,J07STXU9J265,3
2020-04-01,staing@gmail.com,23744,F42JUKX9PW7V,1
2020-04-01,staing@gmail.com,23744,5QSL3032JWEG,1
2020-04-01,staing@gmail.com,23744,9GDAADJPZCNN,1
2020-04-01,staing@gmail.com,23744,U14A089SXRI5,3
2020-04-01,staing@gmail.com,23744,B1L1O9OSHA5F,1
2020-04-01,staing@gmail.com,23744,XACG05X30CUN,2
2020-04-01,ra@yahoo.com,95467,KVVI354ESQLO,2
2020-04-01,ra@yahoo.com,95467,CAML8STVYU7M,1
2020-04-01,tech@gmail.com,73944,LYZ9TN8DCKAX,3
2020-04-01,tech@gmail.com,73944,X8C1LI2NY5KC,1
2020-04-01,tech@gmail.com,73944,S267YKIBGGOM,1
2020-04-01,drua@yahoo.com,28403,BTDPZC2NNXWG,3
2020-04-01,drua@yahoo.com,28403,OTR4W7OE9KDI,2
2020-04-01,drua@yahoo.com,28403,FDOE7XT8MPSZ,1
2020-04-01,kam@gmail.com,99267,Y90TDM151LU8,1
2020-04-01,zuft@msn.com,23744,6CPB3JSFSMGK,2
2020-04-01,zuft@msn.com,23744,VGKRAE7SIK1D,1
2020-04-01,zuft@msn.com,23744,92QNKAR2I54B,1
2020-04-01,zuft@msn.com,23744,XWLRF8KWI4MV,3
2020-04-01,ma@hotmail.com,64896,620YLX9YIWCY,1
2020-04-01,ma@hotmail.com,64896,YHFD1RCRXV73,4
2020-04-01,pluint@outlook.com,90291,K2GS799GMTT2,2
2020-04-01,pluint@outlook.com,90291,QVS6JBIL7X3I,2
2020-04-02,fef@gmail.com,44360,C7ZZ6L1UMU7S,3
2020-04-02,blaum@aol.com,87782,M7CPW13BW16Q,1
2020-04-02,vu@outlook.com,55715,IJR0EFZJN3ZD,1
2020-04-02,vu@outlook.com,55715,PFKU4UYWQGOM,2
2020-04-02,vu@outlook.com,55715,WWH7ST4PHGKH,2
2020-04-02,sy@live.com,99267,641OUCSMXAHZ,1
2020-04-02,sy@live.com,99267,29RJZRTTE84C,1
2020-04-02,snosk@hotmail.com,09823,HKF0Z0P2NQ7R,1
2020-04-02,snosk@hotmail.com,09823,1E73FWTODRJV,2
2020-04-03,ho@yahoo.com,42190,7VBAQG6RPKYP,1
2020-04-03,ho@yahoo.com,42190,H7QU6AS9BX4M,5
2020-04-03,ho@yahoo.com,42190,QWI8E4KESESU,1
2020-04-03,luaw@inbox.com,92664,DDQ5ACDK0UD0,2
2020-04-03,luaw@inbox.com,92664,NJOBBGQB894V,1
2020-04-03,fle@live.com,03470,8CWZX1347BEN,2
2020-04-03,sma@hotmail.com,64750,1FGYWH5YSWIT,1
2020-04-03,sma@hotmail.com,64750,AVQ4EB9QH8VO,3
2020-04-03,sma@hotmail.com,64750,2TEVC97DVVX2,2
2020-04-04,shaaw@aol.com,04055,DAKIP1AFMC6I,2
2020-04-04,yi@hotmail.com,49446,YN13CI2YH4AJ,1
2020-04-04,ple@outlook.com,38451,WKTQYLH8E38H,2
2020-04-04,ple@outlook.com,38451,63C8IOW28DR8,1
2020-04-05,rosp@yahoo.com,38827,9M9W15GU2QXT,2
2020-04-05,yy@hotmail.com,70746,IGCXOKONGTHG,1
2020-04-06,jon@gmail.com,71026,6E1ELAMZD3D0,2
2020-04-06,boal@yahoo.com,13256,E091YKGV7VAL,3
2020-04-06,gaend@inbox.com,24016,A9QHV9ZBZQBD,1
2020-04-06,hy@yahoo.com,24954,3UNF5LYNXXP4,3
2020-04-06,bliash@hotmail.com,64541,HZXC7KSBJ8VJ,1
2020-04-06,ka@msn.com,83116,TVTVA4XPUF85,3
2020-04-06,smou@aol.com,33738,7AQRYH35OS65,2
2020-04-07,fuk@icloud.com,35511,4L8M7OPM4L27,3
2020-04-07,snaisk@yahoo.com,08069,IOSZVPCQK3L5,1
2020-04-07,sasp@hotmail.com,67706,41XV276AF6G5,1
2020-04-07,bia@gmail.com,33412,EXEI5X43UB33,1
2020-04-07,go@live.com,95467,3VCXJYJWQE2C,1
2020-04-07,go@live.com,95467,LIR8MDTPDUV2,1
2020-04-07,shieh@yahoo.com,35322,SRDYLL8DT97V,1
2020-04-07,shieh@yahoo.com,35322,RE4TIVSGT1X0,1
2020-04-07,shieh@yahoo.com,35322,VJOMASUKEXMT,2
2020-04-07,shieh@yahoo.com,35322,4XAJR2K8NKX3,1
2020-04-07,vo@yahoo.com,38422,AIELFSVLO0KO,2
2020-04-08,zai@hotmail.com,58107,M2QUIEDEPYOP,2
2020-04-08,skuik@yahoo.com,42401,8N43ILB4UHL1,1
2020-04-08,skuik@yahoo.com,42401,GRWSHEVYEJE4,1
2020-04-08,swoiy@gmail.com,49446,7YW1QV5WBGS4,3
2020-04-08,swoiy@gmail.com,49446,TKU1B76QT28U,1
2020-04-08,swoiy@gmail.com,49446,YEO73CAQ8YQM,4
2020-04-08,snung@live.com,03404,D4PN6M7H2H8L,3
2020-04-08,doat@msn.com,67138,5YSI8Z2PDDKK,1
2020-04-08,doat@msn.com,67138,YVUF54TTSZH9,1
2020-04-09,fio@icloud.com,56625,IO4GW3F7RBHL,1
2020-04-09,fio@icloud.com,56625,0D8RKWDYJSU6,3
2020-04-09,vou@yahoo.com,91116,F6H042RUGJB8,1
2020-04-09,vou@yahoo.com,91116,FBT2TVMLX5CD,1
2020-04-09,vou@yahoo.com,91116,C23PZ2624R24,1
2020-04-09,stiasp@gmail.com,63300,GRK0GFVC6CLT,2
2020-04-09,freu@hotmail.com,16744,5AZDQBUPYSYH,1
2020-04-09,stiut@aol.com,67700,HDCL2BPE60LQ,1
2020-04-09,stiut@aol.com,67700,KVHJHZUNRCKS,3
2020-04-09,yeo@icloud.com,82478,ZQ6WKR7VQCG8,2
2020-04-10,cheo@yahoo.com,26698,QXP2GSUOFYGJ,1
2020-04-10,cheo@yahoo.com,26698,BWFPQP6E0M5H,2
2020-04-10,cheo@yahoo.com,26698,0SSOYT623TR9,3
2020-04-10,gleay@gmail.com,84562,JXXU7DQGCI2K,1
2020-04-10,gleay@gmail.com,84562,QQFSJO1CYGTY,1
2020-04-10,gleay@gmail.com,84562,FSMRN9EBUDER,1
2020-04-10,snect@aol.com,15748,JIQN7XZQ0KLL,1
2020-04-10,snect@aol.com,15748,B8S910O9PVPH,2
2020-04-10,snect@aol.com,15748,F0NY9V9YTZA5,2
2020-04-10,gru@yahoo.com,80861,3A7Q2RECH1BF,3
2020-04-10,crypt@gmail.com,24142,KW61LPOTD3JC,1
2020-04-10,crypt@gmail.com,24142,ZT9A9MB2SVPT,3
2020-04-10,crypt@gmail.com,24142,WH0R47W4GFQ9,2
2020-04-10,grynd@yahoo.com,15706,YE89BCY2TJJF,2
2020-04-10,blee@msn.com,00405,42PAQHDDOS4B,1
2020-04-10,vym@gmail.com,70360,VMKAF3CUPJB0,1
2020-04-11,slo@live.com,83918,GFPLLX18O17R,4
2020-04-11,slo@live.com,83918,AF5QVKXELS3H,1
2020-04-11,slo@live.com,83918,E94H3YZYVR4G,2
2020-04-11,sla@inbox.com,84562,CH3439R2638U,2
2020-04-11,brah@inbox.com,78593,7OBJR5299I82,4
2020-04-11,zoor@yahoo.com,95291,9I2QYAC4X33L,2
2020-04-12,gunk@outlook.com,13642,R8UOIK5FMUUQ,1
2020-04-12,gunk@outlook.com,13642,01CKHEAVVI2Q,3
2020-04-12,gunk@outlook.com,13642,O1V8TPWYGQCY,1
2020-04-12,vo@gmail.com,72533,OS01VFX5RE45,1
2020-04-12,drie@hotmail.com,96915,RGFK15URTOAE,2
2020-04-12,drie@hotmail.com,96915,ALH8V3FL5XXF,2
2020-04-13,glept@msn.com,48524,2POUONHOVLVZ,3
2020-04-13,glept@msn.com,48524,0EPARX4XVZX0,1
2020-04-13,glept@msn.com,48524,Y5Q5JJU4Z2WK,1
2020-04-13,glept@msn.com,48524,QHEYT04C6S0M,2
2020-04-13,woi@yahoo.com,88651,DYI1F67D9AQL,2
2020-04-13,sling@yahoo.com,28734,06KK01X9ZHYZ,2
2020-04-13,sling@yahoo.com,28734,JW5PQEF7DFWO,3
2020-04-13,sling@yahoo.com,28734,VZ0V53SWY59X,1
2020-04-14,rea@mail.com,45903,ZG4BQDZIUD6X,1
2020-04-14,tab@yahoo.com,85519,0WKO2FSJKSED,3
2020-04-14,tab@yahoo.com,85519,SBGNQ0DTIITZ,1
2020-04-14,shuy@gmail.com,44360,978YFHXGN0K3,2
2020-04-14,shuy@gmail.com,44360,NIZPOOWMRE07,1
2020-04-14,moap@yahoo.com,95934,VKSG0P8R9NBW,1
2020-04-14,priu@gmail.com,84562,YFT76NJV81B0,3
2020-04-14,snung@live.com,03404,EIUDFFSRRL3J,1
2020-04-14,snung@live.com,03404,JKPT6V1L7Q3M,3
2020-04-14,spech@gmail.com,28734,LPMTFJIX9Z1S,1
2020-04-15,spoo@msn.com,07067,GL1GXLSF2K6V,1
2020-04-15,cheant@hotmail.com,82065,OQ5XUK1BWRS2,3
2020-04-15,strust@gmail.com,99267,0I79U0QAGFOT,1
2020-04-15,fych@yahoo.com,55614,GIFNPSU0M5GR,3
2020-04-15,teh@yahoo.com,24961,KUDXTV3EVBGR,3
2020-04-15,teh@yahoo.com,24961,4O34YUIB907E,1
2020-04-15,teh@yahoo.com,24961,B3EI8FDWE4ZN,1
2020-04-16,soak@msn.com,90276,DN5V65SCPOWH,1
2020-04-16,bu@live.com,20878,6SIA924CM46Q,1
2020-04-16,bu@live.com,20878,8PUVUQSOZK1I,1
2020-04-16,bu@live.com,20878,8F0X90PMTL8B,4
2020-04-16,syf@icloud.com,40803,GYIRB6GL1A4M,1
2020-04-16,fapt@aol.com,68882,7CN3O6JDXSBC,3
2020-04-16,fapt@aol.com,68882,NYZ4XMXWGHJ1,2
2020-04-16,craift@outlook.com,82539,9N9BQQM340NN,3
2020-04-17,wiv@aol.com,04862,4M22BTW387J1,5
2020-04-17,wiv@aol.com,04862,FIGLHBSLI8GR,2
2020-04-17,wiv@aol.com,04862,9CN48XK5MJG5,2
2020-04-17,fryst@inbox.com,26069,Z3QP4VA5AHHO,2
2020-04-17,posp@gmail.com,47003,ZRGOQWONTQLX,3
2020-04-17,posp@gmail.com,47003,EJYIKKS6ITTC,2
2020-04-17,staev@inbox.com,82065,2XS2XEIKOGZD,1
2020-04-17,blae@gmail.com,06039,MQ230HV9R31Y,5
2020-04-17,zu@aol.com,24016,M1R3YOU82QG3,1
2020-04-18,jaft@icloud.com,30527,X2QONJQ5SJIM,2
2020-04-18,sav@hotmail.com,10473,YXG9M57VG1LX,3
2020-04-18,sav@hotmail.com,10473,5H3RSWW0J1UY,3
2020-04-18,wuoft@gmail.com,95934,VN44PLD7TSP4,2
2020-04-18,wuoft@gmail.com,95934,YWB3849W0VQZ,1
2020-04-19,stiopt@outlook.com,88651,95F8B0J48JPW,2
2020-04-19,kuesh@aol.com,04055,ZACMRZUZ55H2,1
2020-04-19,chump@yahoo.com,60514,P6WS94OFBT5W,1
2020-04-19,chump@yahoo.com,60514,05G1NT1P90ME,1
2020-04-19,brynd@hotmail.com,29808,K3XOD3DUSXV4,1
2020-04-19,sta@msn.com,17254,J8WKBOOK4Y09,1
2020-04-19,gro@gmail.com,75702,3LMT74C342QZ,3
2020-04-19,gro@gmail.com,75702,TJWLWZRR4RC9,2
2020-04-20,dryp@aol.com,92259,8IA8OV0GJRN6,1
2020-04-20,yeh@gmail.com,95934,73Y0G5BSH04K,4
2020-04-20,yeh@gmail.com,95934,0VEWKVF0Y65G,1
2020-04-20,yeh@gmail.com,95934,HW41W65QMIYH,2
2020-04-20,roop@mail.com,08533,QTKEXAE91S1F,1
2020-04-20,crief@outlook.com,65158,UUNNTICGPM0X,1
2020-04-21,giz@msn.com,53462,2HPY8JLXK461,1
2020-04-21,prei@gmail.com,42401,T3CRDQ2ZLHLK,2
2020-04-21,tra@outlook.com,00144,UGNE9L1QXSCY,1
2020-04-21,dipt@outlook.com,95467,03WM1Y5IO17C,1
2020-04-21,piep@live.com,42807,XZM3V0QN0E3C,1
2020-04-21,ji@yahoo.com,65486,S47OFUH5MEHL,1
2020-04-21,ji@yahoo.com,65486,4USCFWM1ZL7E,1
2020-04-21,ji@yahoo.com,65486,BNO3532E0J1N,1
2020-04-21,ski@outlook.com,18424,NBS4UXTFXMFW,1
2020-04-21,jir@live.com,75422,ZAW09945WTWQ,1
2020-04-21,jir@live.com,75422,L7DWP0Z8TUGB,1
2020-04-21,jir@live.com,75422,F5OBS6IG8G9S,2
2020-04-22,clend@yahoo.com,45187,191OE5FMEEY1,1
2020-04-22,clend@yahoo.com,45187,VIO4FPROIHK0,2
2020-04-22,clend@yahoo.com,45187,3JVCSBJBN8OJ,1
2020-04-22,geict@msn.com,24342,O9GP0RU5BNJR,3
2020-04-22,geict@msn.com,24342,JWBRB1N33UQ1,1
2020-04-22,geict@msn.com,24342,4R65006LZ2V0,1
2020-04-22,fiy@yahoo.com,77902,5OPKLYJGP4V8,1
2020-04-23,fask@mail.com,50898,6PARIGZUWJKE,2
2020-04-23,ku@aol.com,67654,NU6UYP5WIEBR,2
2020-04-23,ku@aol.com,67654,D68F3ZB0FXXV,1
2020-04-23,no@inbox.com,77733,WVVTJ7JP3RKW,2
2020-04-23,no@inbox.com,77733,IJOQL0SK9M3O,2
2020-04-23,no@inbox.com,77733,SRDYLL8DT97V,1
2020-04-23,prynk@icloud.com,73926,TO0BYXR57OBO,1
2020-04-23,gross@outlook.com,09835,IKAKKQ4HVD2T,2
2020-04-23,gak@outlook.com,09835,RAURFZO22SHW,1
2020-04-23,don@live.com,87521,RQS95K4ADZES,2
2020-04-23,stopt@gmail.com,09823,I9AVUIG8FV0T,1
2020-04-23,stopt@gmail.com,09823,1ZA9LW4QLMI9,1
2020-04-23,stopt@gmail.com,09823,WVKR8PS136N8,2
2020-04-23,stopt@gmail.com,09823,ZDUUMBBB42FC,2
2020-04-23,breont@gmail.com,33340,XWQRS0XKQE0I,4
2020-04-23,heift@msn.com,28845,U1EUFMDK971S,4
2020-04-23,heift@msn.com,28845,5R5XI6CTEDZJ,1
2020-04-23,heift@msn.com,28845,8P2QX98JM3OP,1
2020-04-23,hi@inbox.com,86486,N3BM31ORAOYP,1
2020-04-24,laab@yahoo.com,43288,1P175DTV2GJS,2
2020-04-24,smof@gmail.com,75611,2BIE6KFQJTCO,1
2020-04-24,blup@gmail.com,21541,52FRTOREQXOR,1
2020-04-24,waew@gmail.com,28845,7K3TREVUCX7G,1
2020-04-25,crum@hotmail.com,52126,AMKC9SXKLBVY,3
2020-04-25,sloo@live.com,66587,C758R3TFDIAN,1
2020-04-25,sloo@live.com,66587,QL7IXP4967KT,2
2020-04-25,sloo@live.com,66587,8QJXBOT1X2Q4,1
2020-04-25,steo@icloud.com,49137,95N2NRYZMKCQ,6
2020-04-25,sua@gmail.com,30527,YJ1ARN4H8E4K,1
2020-04-25,wuo@inbox.com,70360,C5K19ZDSFGLT,1
2020-04-26,gloi@gmail.com,82065,Q2AO0R4SVN9J,3
2020-04-26,gloi@gmail.com,82065,UHOCZJA8YR2P,2
2020-04-26,plong@live.com,25824,9BA8EA5I3OL8,1
2020-04-26,plong@live.com,25824,D5X6283LHQRU,3
2020-04-26,joo@inbox.com,68170,PBCRYTPO0H6F,3
2020-04-26,joo@inbox.com,68170,ZZ8A0RTTSKRR,3
2020-04-26,tea@inbox.com,45641,E2N659DOSXBX,1
2020-04-26,tea@inbox.com,45641,DG5VJO7U6PHH,2
2020-04-26,tea@inbox.com,45641,M8UB976O39SN,2
2020-04-27,yud@gmail.com,42067,UGWUVQUZGRI6,2
2020-04-27,stra@inbox.com,26698,241KF44XLH9P,1
2020-04-27,stra@inbox.com,26698,O4XS8BBU03GB,2
2020-04-27,stra@inbox.com,26698,MTVISZB8R0TC,2
2020-04-27,stra@inbox.com,26698,EI4RJTZO6F83,1
2020-04-27,zoom@yahoo.com,18837,G62MFX87KDZO,1
2020-04-27,zoom@yahoo.com,18837,TJFQ1UFIGSJ8,1
2020-04-27,zoom@yahoo.com,18837,FEMULKRCFRD3,3
2020-04-27,snuoss@yahoo.com,88819,B2XC5XCBVVFR,1
2020-04-27,greing@gmail.com,06691,4BTEL28O7OB7,1
2020-04-27,spie@msn.com,18424,FJGHQ4GDFUQF,3
2020-04-27,cloud@live.com,63327,HOTX8AAA12O4,1
2020-04-27,tual@yahoo.com,35668,L00NWD1VK8YD,1
2020-04-27,buosk@aol.com,19382,FN9JQOH8IJDU,1
2020-04-27,buosk@aol.com,19382,AQBQVKC2ZOZY,1
2020-04-27,gu@gmail.com,12220,T3C8IACVQSFF,2
2020-04-27,gu@gmail.com,12220,SCK316NKGH0N,2
2020-04-27,dre@live.com,44360,538OSG01HSNK,1
2020-04-27,sket@aol.com,61316,8CR07JPHZYQ6,1
2020-04-27,sket@aol.com,61316,YGP83KPNI9E0,1
2020-04-28,drui@msn.com,42855,NVO15UPCR7F0,1
2020-04-28,drui@msn.com,42855,6VDMBQT3OQUY,1
2020-04-28,drui@msn.com,42855,4EYCOKNTQ6L6,1
2020-04-28,drio@outlook.com,39977,8WWKI67IYSNF,1
2020-04-28,spoim@yahoo.com,26760,K0XDZCWQZYWR,2
2020-04-28,spoim@yahoo.com,26760,B8T9UKAU3BZ9,1
2020-04-28,clint@gmail.com,04817,EYUKU9N9KF6H,3
2020-04-28,clint@gmail.com,04817,DI81VDCJRMLG,1
2020-04-28,pe@mail.com,42807,3GA8BL8CWT3Z,2
2020-04-29,feug@hotmail.com,02683,1X4900USVPMB,3
2020-04-29,swiont@aol.com,26698,ZKNX76BXQZMV,1
2020-04-29,swiont@aol.com,26698,1Z71C93VVQRT,3
2020-04-29,mal@msn.com,69564,PO5G85KEKVRI,3
2020-04-30,loa@yahoo.com,17190,MO9JPSLHZ4UD,1
2020-04-30,loa@yahoo.com,17190,RA7514HL2MKH,1
2020-04-30,noss@gmail.com,02434,OITANL2L84RI,1
2020-04-30,du@gmail.com,08639,HEGWLEBGUB79,1
2020-04-30,du@gmail.com,08639,FLD6GQQGUZA5,1
2020-04-30,droe@inbox.com,05528,5AZ6K8IBI5VS,1
2020-04-30,swy@aol.com,76654,HAQH5HI36SCV,1
2020-04-30,wuch@aol.com,02434,TXGLPAJETKBL,1
2020-05-01,flaor@inbox.com,04015,HW1HP5Z4ADIK,2
2020-05-01,neaft@outlook.com,77332,HDWQQZL5SZO5,1
2020-05-01,neaft@outlook.com,77332,YKPZULEK6U9H,2
2020-05-02,criv@gmail.com,60514,9780J08GMIMJ,1
2020-05-02,haenk@live.com,90020,R9I6SRSI96VT,2
2020-05-02,haenk@live.com,90020,C2VRQW387KPV,3
2020-05-02,swash@gmail.com,17190,YGMD3JTLVBTF,1
2020-05-02,liss@mail.com,37526,PTT4AER7S8X1,1
2020-05-02,liss@mail.com,37526,22HDRDNQY08O,1
2020-05-03,fluct@gmail.com,42176,YDL7RDW4PPW8,1
2020-05-03,skia@mail.com,68170,FSA111ZW3K6A,1
2020-05-03,zai@outlook.com,13642,577R8GI5UTPQ,1
2020-05-03,zai@outlook.com,13642,757LKXCKK74M,1
2020-05-03,sha@yahoo.com,05164,0TLVSMVTE4RD,1
2020-05-03,beel@aol.com,26328,4TN7QGYD2RQI,2
2020-05-03,beel@aol.com,26328,PUT8CUL1Q1EE,1
2020-05-03,fly@live.com,76125,6LRZF7U31QNH,2
2020-05-03,smoa@gmail.com,76759,L4KFCRKHY5CN,2
2020-05-03,fleey@yahoo.com,53054,YH7KS4IQUIZU,3
2020-05-03,fleey@yahoo.com,53054,LY3OMCL0ONWO,3
2020-05-03,fleey@yahoo.com,53054,6LYWC2I1YR19,1
2020-05-04,snuipt@gmail.com,12543,TIJDWWPSHM7E,1
2020-05-05,yymp@gmail.com,70746,P4V5Q8XP55EX,1
2020-05-05,yymp@gmail.com,70746,BJC6BILLESCL,1
2020-05-05,strosh@yahoo.com,40652,AZMJRYW35B5G,1
2020-05-05,strosh@yahoo.com,40652,M24LFROI4YO0,3
2020-05-06,jiu@hotmail.com,70952,MSRYNI6O13RI,1
2020-05-06,ye@inbox.com,50103,AC7ZF3RG9MSU,3
2020-05-06,steeb@gmail.com,75651,LGZDNZWSAWEP,3
2020-05-06,so@live.com,26456,T1DVAZC5V3VP,1
2020-05-06,so@live.com,26456,ERZTAW4SOI76,1
2020-05-06,so@live.com,26456,AW2GB3HFLYNE,1
2020-05-06,toich@aol.com,06039,5JKHW97375ZZ,2
2020-05-06,toich@aol.com,06039,JTO50FKJC4BE,2
2020-05-06,paug@outlook.com,80257,224VLWKUEYD1,2
2020-05-06,paug@outlook.com,80257,YW4GL2J0DSHY,3
2020-05-06,paug@outlook.com,80257,ER2ZHSJ1FT3C,2
2020-05-07,tysh@outlook.com,67700,1Z37NA9BWWXW,3
2020-05-07,tysh@outlook.com,67700,LIGNSQZW4CR3,1
2020-05-07,tysh@outlook.com,67700,8PVOV6G612JL,1
2020-05-07,tysh@outlook.com,67700,OO2CCLBJU0TF,1
2020-05-07,staast@outlook.com,26456,6L17WAVYTXYD,1
2020-05-07,spoo@yahoo.com,17514,3WK5VSQ46LCY,1
2020-05-07,hian@gmail.com,42889,TF5E48CDWAE8,1
2020-05-07,hian@gmail.com,42889,0245BG66YYIJ,1
2020-05-07,fle@outlook.com,26650,ZKVKG44VS6XK,2
2020-05-08,va@aol.com,04728,YHMRIRQIL6EK,3
2020-05-08,wyz@gmail.com,77902,941T62WT85MA,1
2020-05-08,wyz@gmail.com,77902,HG4W15SZG6KA,2
2020-05-08,smit@live.com,67727,OH77FI4WB3DE,1
2020-05-08,smit@live.com,67727,14NX488OFX08,2
2020-05-08,smit@live.com,67727,OS8RBNLEHA30,3
2020-05-08,flyz@outlook.com,29257,SB8GK8G50FX3,1
2020-05-09,rob@icloud.com,67138,GHA4PYJ5AYE3,1
2020-05-09,snuet@outlook.com,29423,2OIJ9B2HJ8HM,1
2020-05-09,woant@hotmail.com,37526,PFU0412S9S64,1
2020-05-09,moisk@yahoo.com,90291,P30T4LUB5LYR,3
2020-05-09,moisk@yahoo.com,90291,Q6CBR73INI2U,3
2020-05-09,moisk@yahoo.com,90291,KGR2ZDGTUODJ,1
2020-05-09,moisk@yahoo.com,90291,4BA3M7UQG1LI,1
2020-05-10,bluo@gmail.com,73944,YMP18HARP5AT,2
2020-05-10,va@live.com,95934,TF1HTJ92OVSH,1
2020-05-10,leest@hotmail.com,75651,FR45KY03XAX7,2
2020-05-10,bland@yahoo.com,76125,71PF2PS26UQ6,1
2020-05-10,swysk@outlook.com,87521,02284Y0D0P97,2
2020-05-10,you@yahoo.com,04862,BTYSMVL5V6YB,2
2020-05-10,craw@msn.com,26671,SLII3FCTSM5S,1
2020-05-10,zient@outlook.com,33328,OS1NBKEF7IX3,1
2020-05-10,zient@outlook.com,33328,OE143J6RP0ZW,1
2020-05-11,maid@gmail.com,48398,3LMBX6MEI7PT,4
2020-05-11,maid@gmail.com,48398,BT2I27VE73E9,2
2020-05-11,skou@hotmail.com,70735,7LOF491KU1S8,1
2020-05-12,tept@aol.com,25212,K75Y0CR7FV3U,2
2020-05-12,smaan@gmail.com,50171,AHNRXRIPSPI2,1
2020-05-12,braok@aol.com,70531,F6B5Z8RMLVRJ,4
2020-05-12,braok@aol.com,70531,XQRI16SA3G0B,2
2020-05-13,nev@aol.com,03168,BZKXB3XGRB2V,1
2020-05-13,drua@live.com,77613,S2K16VXXJEEX,2
2020-05-13,na@inbox.com,03549,HMGW14NQ4NZL,4
2020-05-13,swoof@gmail.com,90878,U73TCD21X6M2,4
2020-05-13,swoof@gmail.com,90878,6BZ1UTBGFPT3,1
2020-05-13,shoi@outlook.com,95934,SVZAYG0T85ZC,3
2020-05-13,neuss@yahoo.com,11940,GK46UMM4QM1W,1
2020-05-13,neuss@yahoo.com,11940,XSH8LPGGLYOG,3
2020-05-14,peoz@icloud.com,34193,F5GYYJ0PTXUF,3
2020-05-14,peoz@icloud.com,34193,PDCF4HSH219D,1
2020-05-14,bluo@outlook.com,62472,BJ96XY6V92RL,2
2020-05-14,spoin@icloud.com,02434,STSMY1246COV,2
2020-05-14,spoin@icloud.com,02434,I2OMN9L4N14C,1
2020-05-14,spoin@icloud.com,02434,5F7PYKS46U0X,1
2020-05-14,heist@icloud.com,23744,XP10F6DR6IXT,1
2020-05-14,swoe@mail.com,08533,TTVYTMD1Q496,1
2020-05-14,swoe@mail.com,08533,4O7V37Z9XXJI,3
2020-05-14,swoe@mail.com,08533,7FIT21M8CN91,1
2020-05-15,jont@outlook.com,94131,Z4WDDHG9FSBX,2
2020-05-15,snyt@gmail.com,77967,TP3UPM1T7F5Z,2
2020-05-15,ha@live.com,76441,03DE3K59KG68,3
2020-05-15,ha@live.com,76441,Q8E98T9QO3CI,1
2020-05-15,we@live.com,26456,1EJ15BEHD12U,2
2020-05-15,we@live.com,26456,FNXIRBQPE0U6,1
2020-05-15,slui@live.com,12543,FLU6S9MZM933,2
2020-05-15,tra@live.com,55614,KTW17RZJ4FXG,3
2020-05-15,cru@aol.com,22585,JFKOM0KY6FAO,3
2020-05-15,cru@aol.com,22585,0BCIRIGM4D4Z,1
2020-05-15,draact@msn.com,41828,1KWYXPAAIDGI,1
2020-05-16,freup@hotmail.com,20878,ER6AR8AM6UG0,3
2020-05-16,greil@hotmail.com,88909,UYVP2827C0Q6,2
2020-05-16,greil@hotmail.com,88909,HODKARD7M9R3,1
2020-05-16,greil@hotmail.com,88909,E13S3NDD6FLE,3
2020-05-16,glyz@gmail.com,58089,FGIANDH9IOU1,2
2020-05-16,glyz@gmail.com,58089,N6E4EJB2X39B,3
2020-05-16,shiag@gmail.com,43247,MGPH49SRSEP1,1
2020-05-16,shiag@gmail.com,43247,5JNVEOTCWRRK,1
2020-05-16,vauh@icloud.com,85311,HZXC7KSBJ8VJ,1
2020-05-16,vauh@icloud.com,85311,N9W1VD9501T3,1
2020-05-17,nu@msn.com,29258,HG5WQWAAXQ2X,2
2020-05-18,neig@live.com,57520,O3NHNZ7DXALK,1
2020-05-18,feapt@gmail.com,33412,D0SKRNACYHG8,4
2020-05-18,pi@mail.com,46716,ZRWB5AXGXFU7,1
2020-05-19,jysk@hotmail.com,20484,K6LWWDBNYDN5,1
2020-05-19,cluab@mail.com,88972,NU4H9UQNPQVM,3
2020-05-19,stuend@gmail.com,45375,HCKG3DVYVSOW,1
2020-05-19,broi@hotmail.com,24372,FNQWJXJJP60Q,3
2020-05-19,broi@hotmail.com,24372,K5Z6F6LBNG2M,1
2020-05-19,broi@hotmail.com,24372,8XUVQ4AOVE64,2
2020-05-19,fee@aol.com,74017,Q20BJJ5GESUE,2
2020-05-19,fee@aol.com,74017,D93Q8QMOJLNF,1
2020-05-19,fee@aol.com,74017,AL5G8ML7KFGW,2
2020-05-19,fee@aol.com,74017,Z48UC9BKEMTU,5
2020-05-19,fo@yahoo.com,77354,VGRRFBKR91GP,2
2020-05-19,fo@yahoo.com,77354,XOJQP9RL7MS8,1
2020-05-19,fo@yahoo.com,77354,WXJM2MXM1491,1
2020-05-19,fo@yahoo.com,77354,BCZVVZVEXMMY,2
2020-05-20,re@hotmail.com,49467,DN71PFB6N577,1
2020-05-20,tro@hotmail.com,01712,0J88BLGW39BA,1
2020-05-20,fleey@yahoo.com,53054,V0NIBHABVQZM,2
2020-05-20,sui@gmail.com,68170,25BQ8UYQHQNW,4
2020-05-20,sui@gmail.com,68170,FX9ZIYWZSZRT,1
2020-05-20,sui@gmail.com,68170,Z6GHY2CJCFST,3
2020-05-20,nea@aol.com,08384,2ISOES9QHDVN,2
2020-05-20,nea@aol.com,08384,JED86ZUVUKUE,2
2020-05-20,nea@aol.com,08384,A5DYMVWUO0A7,1
2020-05-20,mau@msn.com,61789,ZFNXSOX98FH1,1
2020-05-20,mau@msn.com,61789,WLC6U1QI4DXU,2
2020-05-20,mau@msn.com,61789,VUN1RJWWFI0C,1
2020-05-20,mau@msn.com,61789,9ZIZ067OQ96Z,1
2020-05-20,stun@yahoo.com,99267,VIRKGVADFZGP,1
2020-05-20,stun@yahoo.com,99267,49PKNDM55G73,1
2020-05-20,smod@outlook.com,93697,0NHCM33M3QRL,2
2020-05-21,doi@outlook.com,90020,1JDUJNGB964F,1
2020-05-21,doi@outlook.com,90020,UCSP6J1J08QQ,1
2020-05-21,fop@aol.com,05398,HLNDG9K9ZYY6,2
2020-05-21,fop@aol.com,05398,09M58RYNHXQG,2
2020-05-21,crymp@gmail.com,53600,PQDZL5MBIACA,4
2020-05-21,crymp@gmail.com,53600,SVH5EA55P1DM,2
2020-05-22,craisp@hotmail.com,82919,BYAYO3CGFNC7,1
2020-05-22,craisp@hotmail.com,82919,IYDZQLR82QMV,1
2020-05-22,snioft@yahoo.com,04055,JU9XRNT0QLJO,2
2020-05-22,pych@hotmail.com,31780,HYEQQYR0ERBV,1
2020-05-22,dy@gmail.com,20006,5RA7FLRPCA2W,1
2020-05-22,smo@yahoo.com,89754,HO4DZ94GNDGK,1
2020-05-23,glo@outlook.com,08069,MBMPTG8L5IWA,1
2020-05-23,floef@hotmail.com,49763,6UYAEJV6P0OA,3
2020-05-24,faaft@gmail.com,70171,0KRT2AFPRFZY,3
2020-05-24,dreess@live.com,67727,J4XJ4RXYTJQN,3
2020-05-24,fleost@icloud.com,53203,OKZTRPWA0NIF,1
2020-05-24,fleost@icloud.com,53203,8RP9DXESYCMI,3
2020-05-24,fleost@icloud.com,53203,R22VIZF9ODBK,1
2020-05-24,zoch@gmail.com,70190,N342LO04WZ8D,2
2020-05-24,po@hotmail.com,41828,8B0L9OO4HMNA,2
2020-05-25,gou@hotmail.com,85519,AVPDJHNYGC59,2
2020-05-25,puf@aol.com,49467,RT4VRFL2AI51,1
2020-05-25,flaump@aol.com,16744,2X1EXOANF06C,2
2020-05-25,flaump@aol.com,16744,4V5DTUR6Y5VY,1
2020-05-25,noul@gmail.com,40803,R65IOGLE6V3K,2
2020-05-25,tree@msn.com,49137,LWZ95RCKKFK3,1
2020-05-25,tree@msn.com,49137,RTU1XTVTKWXT,2
2020-05-25,tree@msn.com,49137,1KKSYCJ3IHSA,1
2020-05-25,tree@msn.com,49137,EZX71JCHAVIK,3
2020-05-25,tree@msn.com,49137,A2IQXEY97H7G,2
2020-05-26,joa@yahoo.com,42401,R4JKZYXEFYCR,1
2020-05-26,joa@yahoo.com,42401,75RXSAVRCY3H,2
2020-05-26,yuo@yahoo.com,83594,QF1JHUKKU1NI,2
2020-05-26,peand@aol.com,77613,FX7A8RQYNOOC,1
2020-05-27,jesk@hotmail.com,67706,D7BXFBY45Z4J,1
2020-05-27,snef@mail.com,28403,HSJ5WQ1GXF8D,2
2020-05-27,snef@mail.com,28403,VFN750Q49HPQ,1
2020-05-28,puy@yahoo.com,58252,2YB85E3WL1U4,1
2020-05-28,puy@yahoo.com,58252,212MSNG4NS16,1
2020-05-28,liash@gmail.com,66810,LBIK0AQVP9QY,2
2020-05-28,liash@gmail.com,66810,DFN7JFK10H08,2
2020-05-28,preusp@hotmail.com,57144,UK3MKHXUFY21,1
2020-05-28,preusp@hotmail.com,57144,QJAIIFSMZ44J,1
2020-05-28,preusp@hotmail.com,57144,NDE6U73KHRYM,2
2020-05-29,bond@aol.com,78493,02ZLL3F2Y8E5,3
2020-05-29,rer@aol.com,50857,BBY8OMI4D5NA,1
2020-05-29,rer@aol.com,50857,YG32UJ7FBTIX,1
2020-05-29,rer@aol.com,50857,MXNM0TN0UUH2,1
2020-05-30,smur@hotmail.com,68170,2Q39F3ME645E,1
2020-05-30,treu@hotmail.com,16744,N4B504FM4X07,2
2020-05-30,choi@hotmail.com,96781,6HUBGO2YL21U,1
2020-05-30,poa@msn.com,13881,XA6EFO1M9QBA,2
2020-05-30,za@gmail.com,74718,K6LWWDBNYDN5,3
2020-05-31,sapt@gmail.com,48884,QANQFAIXV1DE,1
2020-05-31,hiapt@msn.com,92369,H5DVO3C7KSKY,4
2020-05-31,lu@live.com,03470,5XYG6O838R6Z,1
2020-05-31,lu@live.com,03470,6RSYK4VP9HED,1
2020-05-31,lu@live.com,03470,YXZXFIFD3SER,1
2020-05-31,freu@hotmail.com,16744,XXD8SMUYFKVH,3
2020-05-31,ju@gmail.com,42401,SO8F9MCGXN2H,1
2020-06-01,hu@yahoo.com,12525,AT8V277NC6T6,1
2020-06-01,groach@gmail.com,80257,ZWO2I159TISD,2
2020-06-01,groach@gmail.com,80257,CBKW0B5Z3SG6,2
2020-06-01,groast@msn.com,67654,A04XTJY037TW,1
2020-06-01,groast@msn.com,67654,AGO7W2JBKFCX,1
2020-06-01,groast@msn.com,67654,LWXWU70BX4O4,1
2020-06-01,groast@msn.com,67654,W0DRS8B99FXD,1
2020-06-01,lu@gmail.com,73926,RJSNDKM27MS3,1
2020-06-01,div@yahoo.com,19246,CIH7VJOAASEO,2
2020-06-01,div@yahoo.com,19246,8B4822EOTCTJ,1
2020-06-01,skount@yahoo.com,21489,Z3ZOTG87Z48E,1
2020-06-01,skount@yahoo.com,21489,UM1FP6N3FT5O,1
2020-06-01,skount@yahoo.com,21489,PP3N9RSWYEPT,1
2020-06-01,gloft@live.com,28403,LFYN98482Z4G,2
2020-06-01,yoi@inbox.com,85925,O06WNOYFNK2S,1
2020-06-02,sai@hotmail.com,15305,TO0BYXR57OBO,1
2020-06-02,sai@hotmail.com,15305,Q6F7QYCRVKK1,1
2020-06-02,sai@hotmail.com,15305,OK1FA8H11K6V,4
2020-06-02,zuift@hotmail.com,21483,V5K20EYR96LN,1
2020-06-02,zuift@hotmail.com,21483,74ZX3EHF6IDA,1
2020-06-02,zuift@hotmail.com,21483,3PGJJC1WNVAR,1
2020-06-02,gyw@msn.com,25701,0S1ESBTXQX2R,3
2020-06-02,rei@icloud.com,26698,XB1HWRHKJ7VD,2
2020-06-02,rei@icloud.com,26698,ZYCT137Y90ZF,1
2020-06-02,rei@icloud.com,26698,FYCBGWFXMN69,1
2020-06-02,rei@icloud.com,26698,FQ1DQIZJK4II,1
2020-06-02,rei@icloud.com,26698,75IB3JP0H1R4,1
2020-06-03,yonk@gmail.com,43422,TKKG8JM35IV7,1
2020-06-03,no@gmail.com,14523,INKR8J209V20,1
2020-06-03,no@gmail.com,14523,2BP4U7ZFO9UP,1
2020-06-03,no@gmail.com,14523,OQ5XUK1BWRS2,1
2020-06-03,stry@outlook.com,85925,5WQH2X7IHNF0,1
2020-06-03,loift@gmail.com,47722,9NHID6SA54M4,1
2020-06-03,loift@gmail.com,47722,XXS0BHHK8AWU,2
2020-06-03,waar@icloud.com,47722,WUXF8WIA3KYL,3
2020-06-03,skoe@outlook.com,28845,DE24JWYMJN2H,1
2020-06-03,skoe@outlook.com,28845,K78PI6HR5NCB,1
2020-06-03,skoe@outlook.com,28845,609FOKY2PU68,2
2020-06-03,skoe@outlook.com,28845,99J3YDACF5LN,2
2020-06-03,biw@icloud.com,26328,2DRGAW4LK7JJ,2
2020-06-03,fa@icloud.com,92369,C6240D7EP9MS,2
2020-06-04,ste@hotmail.com,82065,H3YHBNVTB3QQ,1
2020-06-04,ste@hotmail.com,82065,4XAJR2K8NKX3,2
2020-06-04,neact@gmail.com,02335,12VRTMOA3SAB,1
2020-06-04,neact@gmail.com,02335,8VAYEN7SOKQ3,1
2020-06-04,neact@gmail.com,02335,3D8MUSYSCK00,1
2020-06-04,zuift@mail.com,08639,KM25Y06EA7SB,1
2020-06-04,zuift@mail.com,08639,PTLD8JE1N9M7,2
2020-06-04,ne@gmail.com,01712,9Q9HADK796EV,1
2020-06-04,fleew@live.com,51585,T9FSRBAC0A6O,2
2020-06-04,fleew@live.com,51585,C52MX5D9FCLL,2
2020-06-04,fleew@live.com,51585,5402ET98PHON,2
2020-06-05,blup@inbox.com,74068,O9JP7UPCMJC2,3
2020-06-05,dush@gmail.com,74718,GDM073J4YDJ3,2
2020-06-05,tieng@gmail.com,77739,T2H98CEG8M38,1
2020-06-05,rouh@gmail.com,63879,ZGK614NXG4AM,1
2020-06-05,seund@gmail.com,66006,NN3NYMUW8VJH,1
2020-06-05,lea@yahoo.com,48490,JZPHF2A8VPAS,2
2020-06-06,sloond@gmail.com,03768,E0IRWTHLKN12,2
2020-06-06,bry@icloud.com,29258,ZYJGFX28ZWON,3
2020-06-06,liuss@hotmail.com,55521,EA9THSHXV0OG,1
2020-06-06,liuss@hotmail.com,55521,489UC0PRPQ55,1
2020-06-06,liuss@hotmail.com,55521,CNFO89X1QT89,2
2020-06-06,liuss@hotmail.com,55521,8RSEO585XJSN,2
2020-06-06,liuss@hotmail.com,55521,QPGDAUZ8QZ26,1
2020-06-06,skient@yahoo.com,58107,S53YCSQ7RSDV,1
2020-06-06,skient@yahoo.com,58107,3FC8HKQ1WCAY,1
2020-06-06,skient@yahoo.com,58107,IN96GOW49W9D,2
2020-06-06,draar@hotmail.com,66587,HK1487MJPUSX,1
2020-06-06,draar@hotmail.com,66587,OPPMB7027WMA,3
2020-06-06,blue@msn.com,95226,MKG21NL9A7OX,4
2020-06-06,blue@msn.com,95226,18SHWEIEC5F7,1
2020-06-06,blue@msn.com,95226,ICTWBNIMP8XJ,1
2020-06-06,blue@msn.com,95226,HGT9NMVVNEW0,2
2020-06-06,hyp@live.com,49880,WO551MO8UHX4,1
2020-06-07,leu@yahoo.com,48957,JE17GFDQZROG,3
2020-06-07,stry@msn.com,71480,7VL7CTUZ5FMZ,1
2020-06-07,fyl@yahoo.com,67706,J91VCTE8YX0S,2
2020-06-07,fyl@yahoo.com,67706,MU4YQGZQUVJC,1
2020-06-07,fyl@yahoo.com,67706,V8S4XO5KSN86,1
2020-06-08,craisp@hotmail.com,82919,IDARJCBME6IF,1
2020-06-08,goesh@gmail.com,00868,M1NV3F4G3QEB,1
2020-06-08,drow@gmail.com,39716,K9MKJ30H08HZ,2
2020-06-08,na@yahoo.com,04817,AGKHASLB9T29,1
2020-06-08,na@yahoo.com,04817,6G3SHX8JM88H,1
2020-06-08,na@yahoo.com,04817,UY4NT9GRBZAV,2
2020-06-09,sluaw@outlook.com,39389,AOI2SWHWFNOK,4
2020-06-09,skasp@hotmail.com,34576,BWFPQP6E0M5H,4
2020-06-09,skasp@hotmail.com,34576,9EWQ22OCJ44Q,1
2020-06-09,shier@yahoo.com,42944,E7IWN95QJSQD,2
2020-06-09,fren@yahoo.com,61789,RH8I7KZIX9OE,1
2020-06-09,kan@hotmail.com,11540,W55SC9S2061R,1
2020-06-10,nea@gmail.com,09835,XTA0V1GFE0KW,4
2020-06-10,nea@gmail.com,09835,LATTR0G2CREV,3
2020-06-10,baust@hotmail.com,39534,UM1FP6N3FT5O,1
2020-06-10,baust@hotmail.com,39534,Q8E98T9QO3CI,1
2020-06-10,baust@hotmail.com,39534,Y90TDM151LU8,1
2020-06-10,brast@icloud.com,09452,CQ7T04A0K67R,3
2020-06-10,brast@icloud.com,09452,1GZ7UQF3C4TX,2
2020-06-10,brast@icloud.com,09452,TDT1BY97JHDA,1
2020-06-10,flyct@yahoo.com,87579,LRFR0EKKPCYN,1
2020-06-10,flyct@yahoo.com,87579,P3XS9014GRWH,1
2020-06-10,struow@gmail.com,26698,I6ZF562MADIH,2
2020-06-10,struow@gmail.com,26698,CKLQA22HB7H9,2
2020-06-11,zoo@gmail.com,00263,OYZVV7SIED2A,4
2020-06-12,proint@yahoo.com,54759,ZPF5WQH8L3NB,1
2020-06-12,proint@yahoo.com,54759,YYMZAEP9SX1Y,2
2020-06-12,smuipt@gmail.com,88972,CNAEAOIIMXPA,3
2020-06-12,ploft@gmail.com,08951,2C0GPFLEH6WT,3
2020-06-12,skem@gmail.com,08069,FGF2479AKVT7,1
2020-06-13,tio@msn.com,18837,DUE0TIBXO6CG,2
2020-06-13,fluy@yahoo.com,16374,UYGD4JUAEJ9T,1
2020-06-13,bai@aol.com,19530,9VR0OVIF6PZO,1
2020-06-13,bai@aol.com,19530,CONGKED0QEMC,1
2020-06-13,bai@aol.com,19530,ZNFL55CIFDO6,5
2020-06-13,stynt@gmail.com,38078,WPBE3Z5UHUQV,2
2020-06-13,stynt@gmail.com,38078,ZQOPKROUPUKZ,3
2020-06-14,struimp@inbox.com,88909,3WRRLYLIP30O,1
2020-06-14,rend@yahoo.com,25701,1NH1ZA79YGNC,2
2020-06-14,rend@yahoo.com,25701,WZ15MGBBIQF6,1
2020-06-14,rend@yahoo.com,25701,D3PY5HLABKNY,1
2020-06-14,rend@yahoo.com,25701,ZE6E086PNBP0,1
2020-06-14,stoaw@outlook.com,60021,SCDTAI1TKINV,1
2020-06-14,ria@icloud.com,98045,NZ59KWP6AQFQ,1
2020-06-14,ria@icloud.com,98045,3AZRMISW8N1V,2
2020-06-14,ria@icloud.com,98045,Y1Y4ZZZ8A1KD,1
2020-06-14,ria@icloud.com,98045,W4MC7Z6UWOOY,2
2020-06-14,ria@icloud.com,98045,V0Q9MM9RADTN,1
2020-06-14,joant@gmail.com,95291,UXJV7CFSIPZ8,1
2020-06-14,joant@gmail.com,95291,XCBCTUBUVL37,1
2020-06-14,joant@gmail.com,95291,1LY8UN4RV56P,1
2020-06-14,yym@gmail.com,31780,1FP26JPSNBLX,1
2020-06-14,yym@gmail.com,31780,AXWHEM18HM0Z,1
2020-06-14,yym@gmail.com,31780,WVJQSNGL5IZP,3
2020-06-14,pai@msn.com,23853,FDBI9SFB9SDN,1
2020-06-15,gro@mail.com,18837,XD3BKPJQGVBS,1
2020-06-15,gro@mail.com,18837,47CVHPPJWDK3,1
2020-06-15,gro@mail.com,18837,YOTCD1Q2JGFE,2
2020-06-15,gro@mail.com,18837,XF6NOG801U3Q,2
2020-06-15,striok@yahoo.com,48490,R5YVIXO0QXUG,5
2020-06-15,striok@yahoo.com,48490,79FE5CZQVXKU,2
2020-06-15,striok@yahoo.com,48490,XRXO3EYFNDEI,4
2020-06-15,yoash@live.com,08533,BVR3Y87NBVTY,1
2020-06-15,groe@gmail.com,55614,8VYWARXXD4AC,1
2020-06-15,groe@gmail.com,55614,JLSMS5UOFEQ4,1
2020-06-15,shum@hotmail.com,34576,76B0CERANGFM,3
2020-06-15,shum@hotmail.com,34576,M08DIN30SXR0,2
2020-06-15,shum@hotmail.com,34576,2XT3IXN2VEYF,2
2020-06-15,mak@aol.com,88101,EF5SYBY3XXOT,1
2020-06-15,mak@aol.com,88101,Z3NQRFSJCWX8,2
2020-06-16,bri@aol.com,03470,LACNVZKG5TZ8,5
2020-06-16,bri@aol.com,03470,BSTKJ32JUCTT,1
2020-06-16,poa@yahoo.com,01947,BOC9F2MZD3IE,1
2020-06-16,poa@yahoo.com,01947,V5WV2QY3I6RR,1
2020-06-16,skab@outlook.com,50171,WA91MHM0SIP9,1
2020-06-16,ruk@aol.com,68882,2OMPHYNVQRMP,1
2020-06-16,ruk@aol.com,68882,9WAR19ZXHXSI,1
2020-06-16,strach@icloud.com,36941,60B4UQ27EAK2,1
2020-06-16,fruash@msn.com,09823,2VAQ8PNMIBK2,1
2020-06-16,blast@yahoo.com,32327,46S5ZAKRLKXO,1
2020-06-16,spou@gmail.com,77902,N5QD2E5M1O73,5
2020-06-16,bli@yahoo.com,39389,B7RQRN6NNUNN,1
2020-06-16,bli@yahoo.com,39389,8OPTVEG3KX5L,1
2020-06-16,fliy@yahoo.com,13256,1S5Y1WGD0SZX,3
2020-06-17,tiest@msn.com,16234,BKF7F76G79DC,5
2020-06-17,veest@aol.com,78956,0W50BAHNJEJA,4
2020-06-17,veest@aol.com,78956,5RVMENX8P1N8,1
2020-06-17,veest@aol.com,78956,KGJHY3ZQZY8L,2
2020-06-17,stask@outlook.com,32337,V2CD3QQA0PYA,1
2020-06-17,skift@hotmail.com,05164,CQPXVP0033RW,1
2020-06-17,skift@hotmail.com,05164,2NQDK1HSJJNV,1
2020-06-17,gla@gmail.com,45187,03PSI76TVBO8,1
2020-06-17,bre@gmail.com,42401,H6SCRJ44KY82,1
2020-06-17,zaf@inbox.com,62714,0OWHI1JTML21,2
2020-06-17,zaf@inbox.com,62714,FASQHAQ9HWB7,3
2020-06-17,strysh@inbox.com,80861,JZ7HLO9SAQPB,3
2020-06-17,strysh@inbox.com,80861,R7PAHA7Z3PU6,1
2020-06-17,strysh@inbox.com,80861,EQD8ET4BKMTP,2
2020-06-17,strysh@inbox.com,80861,ZCUMM2US46O4,1
2020-06-17,strysh@inbox.com,80861,LHZ50CM2GHAU,3
2020-06-17,mah@mail.com,85663,F2WV2EOVOA9W,2
2020-06-17,mah@mail.com,85663,FUERA7OVJ2OL,1
2020-06-17,mah@mail.com,85663,TF1HTJ92OVSH,1
2020-06-17,mah@mail.com,85663,D9DONZB696Y4,2
2020-06-17,mah@mail.com,85663,HKP7QJ1DX4GQ,2
2020-06-18,stroimp@gmail.com,39908,GAEWDOHGQX6F,1
2020-06-18,flod@gmail.com,04862,C34C4929XMAV,1
2020-06-18,flod@gmail.com,04862,9RULIE3QUTYT,2
2020-06-18,dria@icloud.com,96356,UMJPF5Q3QBLS,4
2020-06-18,dria@icloud.com,96356,IPELJPKBJ9WH,2
2020-06-18,dria@icloud.com,96356,YDYAW44O4A0P,3
2020-06-18,dria@icloud.com,96356,2DJ1H3C5XL9N,1
2020-06-18,dria@icloud.com,96356,HPX0DTXNO1R1,1
2020-06-18,yoib@aol.com,57144,67UBSF26KQIS,1
2020-06-18,yoib@aol.com,57144,ACEC4J66OHP9,3
2020-06-18,skynk@gmail.com,78493,WED1R8YEEMQO,2
2020-06-18,skynk@gmail.com,78493,H3OB3F0CWFJS,1
2020-06-18,di@yahoo.com,20938,FWTZDDDTX3R8,4
2020-06-18,di@yahoo.com,20938,EATK9FO60Z9S,1
2020-06-18,di@yahoo.com,20938,WED1R8YEEMQO,3
2020-06-19,shar@live.com,97680,I9KG73T1Q9QU,1
2020-06-19,shar@live.com,97680,W5NH3X26LPBG,1
2020-06-19,shar@live.com,97680,83VCMFW8CP56,4
2020-06-19,gloo@gmail.com,99389,PL3OBWGUCQGF,2
2020-06-19,triu@yahoo.com,42007,HOKV9X1DHFFA,1
2020-06-19,triu@yahoo.com,42007,E0H6HSPGVGG2,2
2020-06-19,triu@yahoo.com,42007,OZS59W4WJV6A,1
2020-06-19,chu@hotmail.com,86486,K4N1ZN8J03TK,1
2020-06-20,zei@msn.com,88972,MSDQN8U43NTK,1
2020-06-20,zei@msn.com,88972,YR1NW1OSW6ZM,1
2020-06-20,zei@msn.com,88972,V4LYDCSESKGN,2
2020-06-20,zei@msn.com,88972,SCTLS5P0CI6W,1
2020-06-20,zei@msn.com,88972,KZU6HXVL7XS8,1
2020-06-20,tasp@outlook.com,41173,OC58UYAP8FTC,2
2020-06-20,sheu@inbox.com,28403,18F2JK7P81U2,1
2020-06-20,ploib@icloud.com,05398,SSGON2AN9BL3,3
2020-06-21,sniav@gmail.com,80861,TOFF9FP25MHK,2
2020-06-21,sniav@gmail.com,80861,Z82IXO34BB88,2
2020-06-21,steeg@yahoo.com,73926,S0KBV1VZUMN0,2
2020-06-22,weoct@icloud.com,05010,BLO5GQJJSYY1,2
2020-06-22,gu@outlook.com,74761,Z2GEO6LL9ZNO,1
2020-06-22,gu@outlook.com,74761,1R846UK3FGW2,2
2020-06-22,josk@hotmail.com,91750,F5SJ109A7D2Q,3
2020-06-22,josk@hotmail.com,91750,5LMSYC3OTTI4,1
2020-06-22,josk@hotmail.com,91750,P571ZMC3KCW4,3
2020-06-22,josk@hotmail.com,91750,3NYYA8Y9WZJ2,3
2020-06-22,josk@hotmail.com,91750,NF3YF809J8DM,2
2020-06-22,hopt@yahoo.com,51585,CMWH4EBLDKJU,2
2020-06-22,dua@gmail.com,40456,TQ5Y56E9IKFM,1
2020-06-22,dua@gmail.com,40456,B9W03TFNFLWG,4
2020-06-22,dua@gmail.com,40456,GTMXISAOD533,1
2020-06-23,woemp@yahoo.com,87354,F7HAL6LAT076,2
2020-06-23,jia@msn.com,02929,OII7W5WLJVF8,2
2020-06-23,strank@hotmail.com,23744,NJ4SHK712CFC,2
2020-06-23,smupt@aol.com,38827,I92EUDF7R78W,3
2020-06-23,smupt@aol.com,38827,MD4XYEEPW79P,1
2020-06-23,smupt@aol.com,38827,96GIORO5CH2E,1
2020-06-23,smupt@aol.com,38827,NTAJI8FOQWOK,1
2020-06-24,bre@icloud.com,01712,W9YWOE3IYVJ4,1
2020-06-24,ky@yahoo.com,03168,KKKFFK70O404,1
2020-06-25,ha@hotmail.com,54966,3HMNI0FVLTOU,2
2020-06-25,ha@hotmail.com,54966,DXBU0YREBJIH,1
2020-06-25,stiosh@gmail.com,78956,K97TXRN9BCZM,3
2020-06-25,smee@gmail.com,65158,0AH7OYDF5GY4,1
2020-06-25,smee@gmail.com,65158,X9GJNN1XDYYD,1
2020-06-25,naif@gmail.com,24961,0330H5JA2A8K,1
2020-06-25,prai@gmail.com,54759,KYRSLGP4553B,1
2020-06-26,fei@aol.com,85488,LT86M27TPXSW,2
2020-06-26,fei@aol.com,85488,E019FQXEBKPZ,3
2020-06-26,fei@aol.com,85488,2N3O3PLWLXJ9,1
2020-06-26,gloesh@inbox.com,82065,VIL109Q8SEB2,2
2020-06-26,gloesh@inbox.com,82065,Z3QP4VA5AHHO,1
2020-06-26,gloesh@inbox.com,82065,T8AC2XA6S1BE,1
2020-06-27,glel@msn.com,37973,XG0H7MCC0ZP2,2
2020-06-27,cleal@yahoo.com,49405,A3U6Z6QRK8TY,4
2020-06-27,cleal@yahoo.com,49405,3FP2J38N7D3W,2
2020-06-27,shiond@yahoo.com,49467,TS1TZWB7BD33,1
2020-06-27,se@yahoo.com,68170,D8GZXZWC5GPF,1
2020-06-28,shypt@hotmail.com,50898,8WZNHE0M7MM2,3
2020-06-28,blaush@outlook.com,91013,FK90FHILTZ55,1
2020-06-28,tuov@yahoo.com,42190,2C2BJLVY0VD3,1
